,temp,date
1,2.3,1/1/22
2,4.8,1/2/22
3,5.4,1/3/22
4,4.3,1/4/22
5,3.8,1/5/22
6,4.1,1/6/22
7,4.3,1/7/22
8,4.4,1/8/22
9,7.6,1/9/22
10,7.6,1/10/22
11,4.3,1/11/22
12,2.7,1/12/22
13,2.6,1/13/22
14,2.4,1/14/22
15,3.3,1/15/22
16,5.4,1/16/22
17,4.9,1/17/22
18,2.1,1/18/22
19,2.9,1/19/22
20,1.9,1/20/22
21,2.1,1/21/22
22,2.8,1/22/22
23,3.8,1/23/22
24,4.3,1/24/22
25,4.5,1/25/22
26,6.8,1/26/22
27,4.6,1/27/22
28,4.8,1/28/22
29,5.7,1/29/22
30,4.4,1/30/22
31,4.1,1/31/22
32,4.8,2/1/22
33,4.2,2/2/22
34,4.9,2/3/22
35,4.8,2/4/22
36,2.1,2/5/22
37,2.4,2/6/22
38,4.6,2/7/22
39,5.5,2/8/22
40,5.9,2/9/22
41,5.8,2/10/22
42,7.13,2/11/22
43,10.6,2/12/22
44,15.4,2/13/22
45,10.9,2/14/22
46,6.8,2/15/22
47,1.1,2/16/22
48,2.3,2/17/22
49,5.9,2/18/22
50,4.05,2/19/22
51,8.5,2/20/22
52,14.9,2/21/22
53,6.3,2/22/22
54,4.5,2/23/22
55,8.8,2/24/22
56,6.8,2/25/22
57,5.5,2/26/22
58,10.5,2/27/22
59,15.8,2/28/22
60,6,3/1/22
61,5.6,3/2/22
62,12.7,3/3/22
63,12.4,3/4/22
64,8.9,3/5/22
65,8.6,3/6/22
66,7.1,3/7/22
67,10.3,3/8/22
68,8.1,3/9/22
69,11.3,3/10/22
70,12.5,3/11/22
71,9.7,3/12/22
72,9.6,3/13/22
73,11.8,3/14/22
74,12.7,3/15/22
75,8.5,3/16/22
76,11.3,3/17/22
77,12.4,3/18/22
78,17.3,3/19/22
79,12.1,3/20/22
80,7.6,3/21/22
81,10.1,3/22/22
82,15.1,3/23/22
83,11.4,3/24/22
84,11.7,3/25/22
85,16.4,3/26/22
86,15.5,3/27/22
87,16.6,3/28/22
88,15.7,3/29/22
89,14.4,3/30/22
90,16.5,3/31/22
91,18.4,4/1/22
92,17.8,4/2/22
93,15,4/3/22
94,10.6,4/4/22
95,13.1,4/5/22
96,13.9,4/6/22
97,13.2,4/7/22
98,9,4/8/22
99,10.4,4/9/22
100,14.8,4/10/22
101,17.2,4/11/22
102,17.5,4/12/22
103,11.3,4/13/22
104,14.8,4/14/22
105,14.9,4/15/22
106,12.4,4/16/22
107,9.7,4/17/22
108,13.9,4/18/22
109,17.2,4/19/22
110,18.2,4/20/22
111,18.1,4/21/22
112,18.8,4/22/22
113,18.3,4/23/22
114,14.3,4/24/22
115,12.1,4/25/22
116,17.2,4/26/22
117,16.4,4/27/22
118,13.6,4/28/22
119,16.8,4/29/22
120,17.5,4/30/22
121,11.9,5/1/22
122,15.8,5/2/22
123,19.6,5/3/22
124,15.1,5/4/22
125,19.9,5/5/22
126,16.8,5/6/22
127,19.9,5/7/22
128,17.4,5/8/22
129,18.7,5/9/22
130,17.7,5/10/22
131,18,5/11/22
132,20.9,5/12/22
133,23.8,5/13/22
134,22.8,5/14/22
135,20.7,5/15/22
136,22.3,5/16/22
137,22.1,5/17/22
138,19.7,5/18/22
139,20.4,5/19/22
140,19.9,5/20/22
141,17.2,5/21/22
142,22.3,5/22/22
143,19.1,5/23/22
144,21,5/24/22
145,19.2,5/25/22
146,16.8,5/26/22
147,21.1,5/27/22
148,21.1,5/28/22
149,20.8,5/29/22
150,22.6,5/30/22
151,24.6,5/31/22
152,23.6,6/1/22
153,23.2,6/2/22
154,19.1,6/3/22
155,20.8,6/4/22
156,23.7,6/5/22
157,25.7,6/6/22
158,25.4,6/7/22
159,25.8,6/8/22
160,26.5,6/9/22
161,25.5,6/10/22
162,25.2,6/11/22
163,22.8,6/12/22
164,24.7,6/13/22
165,24.2,6/14/22
166,22.2,6/15/22
167,24.5,6/16/22
168,22.3,6/17/22
169,21.1,6/18/22
170,22.3,6/19/22
171,25.7,6/20/22
172,22.5,6/21/22
173,23.6,6/22/22
174,24.7,6/23/22
175,24.1,6/24/22
176,24.4,6/25/22
177,23.6,6/26/22
178,25,6/27/22
179,24.1,6/28/22
180,25.3,6/29/22
181,24,6/30/22
182,25.4,7/1/22
183,27.6,7/2/22
184,28.5,7/3/22
185,27.7,7/4/22
186,28.7,7/5/22
187,24.2,7/6/22
188,25.3,7/7/22
189,26.6,7/8/22
190,27.9,7/9/22
191,26.6,7/10/22
192,25.3,7/11/22
193,26.3,7/12/22
194,25.8,7/13/22
195,25.6,7/14/22
196,27.4,7/15/22
197,28.1,7/16/22
198,28.1,7/17/22
199,30.3,7/18/22
200,30.6,7/19/22
201,30.4,7/20/22
202,30.4,7/21/22
203,30.3,7/22/22
204,30.2,7/23/22
205,29.8,7/24/22
206,30,7/25/22
207,28.8,7/26/22
208,27.7,7/27/22
209,29.7,7/28/22
210,29.4,7/29/22
211,27.6,7/30/22
212,29.5,7/31/22
213,30.5,8/1/22
214,27.6,8/2/22
215,30.9,8/3/22
216,31.9,8/4/22
217,30,8/5/22
218,30.3,8/6/22
219,31.1,8/7/22
220,26.6,8/8/22
221,26.4,8/9/22
222,27.5,8/10/22
223,24.3,8/11/22
224,24.6,8/12/22
225,23.8,8/13/22
226,24.9,8/14/22
227,25.4,8/15/22
228,24,8/16/22
229,25.4,8/17/22
230,23.1,8/18/22
231,24.6,8/19/22
232,26.1,8/20/22
233,27.1,8/21/22
234,28.6,8/22/22
235,28.8,8/23/22
236,29.4,8/24/22
237,29.7,8/25/22
238,29.9,8/26/22
239,30.2,8/27/22
240,30,8/28/22
241,29.6,8/29/22
242,27.8,8/30/22
243,28,8/31/22
244,24.1,9/1/22
245,22.8,9/2/22
246,24.2,9/3/22
247,26.1,9/4/22
248,24.8,9/5/22
249,25.4,9/6/22
250,23.6,9/7/22
251,24.2,9/8/22
252,26.8,9/9/22
253,25.6,9/10/22
254,24.6,9/11/22
255,23.8,9/12/22
256,21.6,9/13/22
257,23.1,9/14/22
258,25.3,9/15/22
259,24.2,9/16/22
260,25.6,9/17/22
261,24.7,9/18/22
262,25.9,9/19/22
263,25.6,9/20/22
264,25.9,9/21/22
265,25.3,9/22/22
266,23.3,9/23/22
267,24.5,9/24/22
268,19.9,9/25/22
269,23.6,9/26/22
270,25,9/27/22
271,25.3,9/28/22
272,25.4,9/29/22
273,23.3,9/30/22
274,23,10/1/22
275,24.4,10/2/22
276,24.8,10/3/22
277,24.6,10/4/22
278,22.7,10/5/22
279,25.1,10/6/22
280,25.2,10/7/22
281,26.1,10/8/22
282,25.3,10/9/22
283,24.8,10/10/22
284,23.8,10/11/22
285,22.5,10/12/22
286,21.2,10/13/22
287,21.6,10/14/22
288,21.4,10/15/22
289,15,10/16/22
290,16.6,10/17/22
291,15.7,10/18/22
292,13.1,10/19/22
293,13,10/20/22
294,15.4,10/21/22
295,12.7,10/22/22
296,15.2,10/23/22
297,13.8,10/24/22
298,15.1,10/25/22
299,15.4,10/26/22
300,15.8,10/27/22
301,14.3,10/28/22
302,16.7,10/29/22
303,16.5,10/30/22
304,18,10/31/22
305,15.8,11/1/22
306,15.3,11/2/22
307,14.8,11/3/22
308,13.9,11/4/22
309,15.3,11/5/22
310,17.9,11/6/22
311,19.2,11/7/22
312,13.4,11/8/22
313,12.2,11/9/22
314,12,11/10/22
315,10.6,11/11/22
316,11.7,11/12/22
317,11.6,11/13/22
318,13.3,11/14/22
319,13.4,11/15/22
320,12.8,11/16/22
321,10.69,11/17/22
322,13.2,11/18/22
323,13.2,11/19/22
324,15.3,11/20/22
325,13.1,11/21/22
326,8.9,11/22/22
327,10.4,11/23/22
328,11.7,11/24/22
329,11.3,11/25/22
330,6.3,11/26/22
331,7.1,11/27/22
332,8.6,11/28/22
333,14.2,11/29/22
334,7.6,11/30/22
335,6.9,12/1/22
336,8.8,12/2/22
337,7.5,12/3/22
338,6.6,12/4/22
339,11.5,12/5/22
340,11.1,12/6/22
341,9.9,12/7/22
342,9.9,12/8/22
343,10.5,12/9/22
344,10.9,12/10/22
345,11.6,12/11/22
346,6.8,12/12/22
347,6.9,12/13/22
348,8.2,12/14/22
349,11.4,12/15/22
350,6.1,12/16/22
351,3.3,12/17/22
352,6.2,12/18/22
353,6.9,12/19/22
354,8.7,12/20/22
355,6.4,12/21/22
356,6.6,12/22/22
357,10.2,12/23/22
358,5.1,12/24/22
359,0.9,12/25/22
360,2.7,12/26/22
361,3.8,12/27/22
362,6.6,12/28/22
363,5.6,12/29/22
364,1.4,12/30/22
365,2.3,12/31/22
366,4.8,1/1/23
367,5.4,1/2/23
368,4.3,1/3/23
369,3.8,1/4/23
370,4.1,1/5/23
371,4.3,1/6/23
372,4.4,1/7/23
373,7.6,1/8/23
374,7.6,1/9/23
375,4.3,1/10/23
376,2.7,1/11/23
377,2.6,1/12/23
378,2.4,1/13/23
379,3.3,1/14/23
380,5.4,1/15/23
381,4.9,1/16/23
382,2.1,1/17/23
383,2.9,1/18/23
384,1.9,1/19/23
385,2.1,1/20/23
386,2.8,1/21/23
387,3.8,1/22/23
388,4.3,1/23/23
389,4.5,1/24/23
390,6.8,1/25/23
391,4.6,1/26/23
392,4.8,1/27/23
393,5.7,1/28/23
394,4.4,1/29/23
395,4.1,1/30/23
396,4.8,1/31/23
397,4.2,2/1/23
398,4.9,2/2/23
399,4.8,2/3/23
400,2.1,2/4/23
401,2.4,2/5/23
402,4.6,2/6/23
403,5.5,2/7/23
404,5.9,2/8/23
405,5.8,2/9/23
406,5.44,2/10/23
407,7.13,2/11/23
408,10.6,2/12/23
409,15.4,2/13/23
410,10.9,2/14/23
411,6.8,2/15/23
412,1.1,2/16/23
413,2.3,2/17/23
414,5.9,2/18/23
415,4.05,2/19/23
416,8.5,2/20/23
417,14.9,2/21/23
418,6.3,2/22/23
419,4.5,2/23/23
420,8.8,2/24/23
421,6.8,2/25/23
422,5.5,2/26/23
423,10.5,2/27/23
424,15.8,2/28/23
425,6,3/1/23
426,5.6,3/2/23
427,12.7,3/3/23
428,12.4,3/4/23
429,8.9,3/5/23
430,8.6,3/6/23
431,7.1,3/7/23
432,10.3,3/8/23
433,8.1,3/9/23
434,11.3,3/10/23
435,12.5,3/11/23
436,9.7,3/12/23
437,9.6,3/13/23
438,11.8,3/14/23
439,12.7,3/15/23
440,8.5,3/16/23
441,11.3,3/17/23
442,12.4,3/18/23
443,17.3,3/19/23
444,12.1,3/20/23
445,7.6,3/21/23
446,10.1,3/22/23
447,15.1,3/23/23
448,11.4,3/24/23
449,11.7,3/25/23
450,16.4,3/26/23
451,15.5,3/27/23
452,16.6,3/28/23
453,15.7,3/29/23
454,14.4,3/30/23
455,16.5,3/31/23
456,18.4,4/1/23
457,17.8,4/2/23
458,15,4/3/23
459,10.6,4/4/23
460,13.1,4/5/23
461,13.9,4/6/23
462,13.2,4/7/23
463,9,4/8/23
464,10.4,4/9/23
465,14.8,4/10/23
466,17.2,4/11/23
467,17.5,4/12/23
468,11.3,4/13/23
469,14.8,4/14/23
470,14.9,4/15/23
471,12.4,4/16/23
472,9.7,4/17/23
473,13.9,4/18/23
474,17.2,4/19/23
475,18.2,4/20/23
476,18.1,4/21/23
477,18.8,4/22/23
478,18.3,4/23/23
479,14.3,4/24/23
480,12.1,4/25/23
481,17.2,4/26/23
482,16.4,4/27/23
483,13.6,4/28/23
484,16.8,4/29/23
485,17.5,4/30/23
486,11.9,5/1/23
487,15.8,5/2/23
488,19.6,5/3/23
489,15.1,5/4/23
490,19.9,5/5/23
491,16.8,5/6/23
492,19.9,5/7/23
493,17.4,5/8/23
494,18.7,5/9/23
495,17.7,5/10/23
496,18,5/11/23
497,20.9,5/12/23
498,23.8,5/13/23
499,22.8,5/14/23
500,20.7,5/15/23
501,22.3,5/16/23
502,22.1,5/17/23
503,19.7,5/18/23
504,20.4,5/19/23
505,19.9,5/20/23
506,17.2,5/21/23
507,22.3,5/22/23
508,19.1,5/23/23
509,21,5/24/23
510,19.2,5/25/23
511,16.8,5/26/23
512,21.1,5/27/23
513,21.1,5/28/23
514,20.8,5/29/23
515,22.6,5/30/23
516,24.6,5/31/23
517,23.6,6/1/23
518,23.2,6/2/23
519,19.1,6/3/23
520,20.8,6/4/23
521,23.7,6/5/23
522,25.7,6/6/23
523,25.4,6/7/23
524,25.8,6/8/23
525,26.5,6/9/23
526,25.5,6/10/23
527,25.2,6/11/23
528,22.8,6/12/23
529,24.7,6/13/23
530,24.2,6/14/23
531,22.2,6/15/23
532,24.5,6/16/23
533,22.3,6/17/23
534,21.1,6/18/23
535,22.3,6/19/23
536,25.7,6/20/23
537,22.5,6/21/23
538,23.6,6/22/23
539,24.7,6/23/23
540,24.1,6/24/23
541,24.4,6/25/23
542,23.6,6/26/23
543,25,6/27/23
544,24.1,6/28/23
545,25.3,6/29/23
546,24,6/30/23
547,25.4,7/1/23
548,27.6,7/2/23
549,28.5,7/3/23
550,27.7,7/4/23
551,28.7,7/5/23
552,24.2,7/6/23
553,25.3,7/7/23
554,26.6,7/8/23
555,27.9,7/9/23
556,26.6,7/10/23
557,25.3,7/11/23
558,26.3,7/12/23
559,25.8,7/13/23
560,25.6,7/14/23
561,27.4,7/15/23
562,28.1,7/16/23
563,28.1,7/17/23
564,30.3,7/18/23
565,30.6,7/19/23
566,30.4,7/20/23
567,30.4,7/21/23
568,30.3,7/22/23
569,30.2,7/23/23
570,29.8,7/24/23
571,30,7/25/23
572,28.8,7/26/23
573,27.7,7/27/23
574,29.7,7/28/23
575,29.4,7/29/23
576,27.6,7/30/23
577,29.5,7/31/23
578,30.5,8/1/23
579,27.6,8/2/23
580,30.9,8/3/23
581,31.9,8/4/23
582,30,8/5/23
583,30.3,8/6/23
584,31.1,8/7/23
585,26.6,8/8/23
586,26.4,8/9/23
587,27.5,8/10/23
588,24.3,8/11/23
589,24.6,8/12/23
590,23.8,8/13/23
591,24.9,8/14/23
592,25.4,8/15/23
593,24,8/16/23
594,25.4,8/17/23
595,23.1,8/18/23
596,24.6,8/19/23
597,26.1,8/20/23
598,27.1,8/21/23
599,28.6,8/22/23
600,28.8,8/23/23
601,29.4,8/24/23
602,29.7,8/25/23
603,29.9,8/26/23
604,30.2,8/27/23
605,30,8/28/23
606,29.6,8/29/23
607,27.8,8/30/23
608,28,8/31/23
609,24.1,9/1/23
610,22.8,9/2/23
611,24.2,9/3/23
612,26.1,9/4/23
613,24.8,9/5/23
614,25.4,9/6/23
615,23.6,9/7/23
616,24.2,9/8/23
617,26.8,9/9/23
618,25.6,9/10/23
619,24.6,9/11/23
620,23.8,9/12/23
621,21.6,9/13/23
622,23.1,9/14/23
623,25.3,9/15/23
624,24.2,9/16/23
625,25.6,9/17/23
626,24.7,9/18/23
627,25.9,9/19/23
628,25.6,9/20/23
629,25.9,9/21/23
630,25.3,9/22/23
631,23.3,9/23/23
632,24.5,9/24/23
633,19.9,9/25/23
634,23.6,9/26/23
635,25,9/27/23
636,25.3,9/28/23
637,25.4,9/29/23
638,23.3,9/30/23
639,23,10/1/23
640,24.4,10/2/23
641,24.8,10/3/23
642,24.6,10/4/23
643,22.7,10/5/23
644,25.1,10/6/23
645,25.2,10/7/23
646,26.1,10/8/23
647,25.3,10/9/23
648,24.8,10/10/23
649,23.8,10/11/23
650,22.5,10/12/23
651,21.2,10/13/23
652,21.6,10/14/23
653,21.4,10/15/23
654,15,10/16/23
655,16.6,10/17/23
656,15.7,10/18/23
657,13.1,10/19/23
658,13,10/20/23
659,15.4,10/21/23
660,12.7,10/22/23
661,15.2,10/23/23
662,13.8,10/24/23
663,15.1,10/25/23
664,15.4,10/26/23
665,15.8,10/27/23
666,14.3,10/28/23
667,16.7,10/29/23
668,16.5,10/30/23
669,18,10/31/23
670,15.8,11/1/23
671,15.3,11/2/23
672,14.8,11/3/23
673,13.9,11/4/23
674,15.3,11/5/23
675,17.9,11/6/23
676,19.2,11/7/23
677,13.4,11/8/23
678,12.2,11/9/23
679,12,11/10/23
680,10.6,11/11/23
681,11.7,11/12/23
682,11.6,11/13/23
683,13.3,11/14/23
684,13.4,11/15/23
685,12.8,11/16/23
686,10.69,11/17/23
687,13.2,11/18/23
688,13.2,11/19/23
689,15.3,11/20/23
690,13.1,11/21/23
691,8.9,11/22/23
692,10.4,11/23/23
693,11.7,11/24/23
694,11.3,11/25/23
695,6.3,11/26/23
696,7.1,11/27/23
697,8.6,11/28/23
698,14.2,11/29/23
699,7.6,11/30/23
700,6.9,12/1/23
701,8.8,12/2/23
702,7.5,12/3/23
703,6.6,12/4/23
704,11.5,12/5/23
705,11.1,12/6/23
706,9.9,12/7/23
707,9.9,12/8/23
708,10.5,12/9/23
709,10.9,12/10/23
710,11.6,12/11/23
711,6.8,12/12/23
712,6.9,12/13/23
713,8.2,12/14/23
714,11.4,12/15/23
715,6.1,12/16/23
716,3.3,12/17/23
717,6.2,12/18/23
718,6.9,12/19/23
719,8.7,12/20/23
720,6.4,12/21/23
721,6.6,12/22/23
722,10.2,12/23/23
723,5.1,12/24/23
724,0.9,12/25/23
725,2.7,12/26/23
726,3.8,12/27/23
727,6.6,12/28/23
728,5.6,12/29/23
729,1.4,12/30/23
730,2.3,12/31/23
731,4.8,1/1/24
732,5.4,1/2/24
733,4.3,1/3/24
734,3.8,1/4/24
735,4.1,1/5/24
736,4.3,1/6/24
737,4.4,1/7/24
738,7.6,1/8/24
739,7.6,1/9/24
740,4.3,1/10/24
741,2.7,1/11/24
742,2.6,1/12/24
743,2.4,1/13/24
744,3.3,1/14/24
745,5.4,1/15/24
746,4.9,1/16/24
747,2.1,1/17/24
748,2.9,1/18/24
749,1.9,1/19/24
750,2.1,1/20/24
751,2.8,1/21/24
752,3.8,1/22/24
753,4.3,1/23/24
754,4.5,1/24/24
755,6.8,1/25/24
756,4.6,1/26/24
757,4.8,1/27/24
758,5.7,1/28/24
759,4.4,1/29/24
760,4.1,1/30/24
761,4.8,1/31/24
762,4.2,2/1/24
763,4.9,2/2/24
764,4.8,2/3/24
765,2.1,2/4/24
766,2.4,2/5/24
767,4.6,2/6/24
768,5.5,2/7/24
769,5.9,2/8/24
770,5.8,2/9/24
771,5.44,2/10/24
772,7.13,2/11/24
773,10.6,2/12/24
774,15.4,2/13/24
775,10.9,2/14/24
776,6.8,2/15/24
777,1.1,2/16/24
778,2.3,2/17/24
779,5.9,2/18/24
780,4.05,2/19/24
781,8.5,2/20/24
782,14.9,2/21/24
783,6.3,2/22/24
784,4.5,2/23/24
785,8.8,2/24/24
786,6.8,2/25/24
787,5.5,2/26/24
788,10.5,2/27/24
789,15.8,2/28/24
790,6,2/29/24
791,5.6,3/1/24
792,12.7,3/2/24
793,12.4,3/3/24
794,8.9,3/4/24
795,8.6,3/5/24
796,7.1,3/6/24
797,10.3,3/7/24
798,8.1,3/8/24
799,11.3,3/9/24
800,12.5,3/10/24
801,9.7,3/11/24
802,9.6,3/12/24
803,11.8,3/13/24
804,12.7,3/14/24
805,8.5,3/15/24
806,11.3,3/16/24
807,12.4,3/17/24
808,17.3,3/18/24
809,12.1,3/19/24
810,7.6,3/20/24
811,10.1,3/21/24
812,15.1,3/22/24
813,11.4,3/23/24
814,11.7,3/24/24
815,16.4,3/25/24
816,15.5,3/26/24
817,16.6,3/27/24
818,15.7,3/28/24
819,14.4,3/29/24
820,16.5,3/30/24
821,18.4,3/31/24
822,17.8,4/1/24
823,15,4/2/24
824,10.6,4/3/24
825,13.1,4/4/24
826,13.9,4/5/24
827,13.2,4/6/24
828,9,4/7/24
829,10.4,4/8/24
830,14.8,4/9/24
831,17.2,4/10/24
832,17.5,4/11/24
833,11.3,4/12/24
834,14.8,4/13/24
835,14.9,4/14/24
836,12.4,4/15/24
837,9.7,4/16/24
838,13.9,4/17/24
839,17.2,4/18/24
840,18.2,4/19/24
841,18.1,4/20/24
842,18.8,4/21/24
843,18.3,4/22/24
844,14.3,4/23/24
845,12.1,4/24/24
846,17.2,4/25/24
847,16.4,4/26/24
848,13.6,4/27/24
849,16.8,4/28/24
850,17.5,4/29/24
851,11.9,4/30/24
852,15.8,5/1/24
853,19.6,5/2/24
854,15.1,5/3/24
855,19.9,5/4/24
856,16.8,5/5/24
857,19.9,5/6/24
858,17.4,5/7/24
859,18.7,5/8/24
860,17.7,5/9/24
861,18,5/10/24
862,20.9,5/11/24
863,23.8,5/12/24
864,22.8,5/13/24
865,20.7,5/14/24
866,22.3,5/15/24
867,22.1,5/16/24
868,19.7,5/17/24
869,20.4,5/18/24
870,19.9,5/19/24
871,17.2,5/20/24
872,22.3,5/21/24
873,19.1,5/22/24
874,21,5/23/24
875,19.2,5/24/24
876,16.8,5/25/24
877,21.1,5/26/24
878,21.1,5/27/24
879,20.8,5/28/24
880,22.6,5/29/24
881,24.6,5/30/24
882,23.6,5/31/24
883,23.2,6/1/24
884,19.1,6/2/24
885,20.8,6/3/24
886,23.7,6/4/24
887,25.7,6/5/24
888,25.4,6/6/24
889,25.8,6/7/24
890,26.5,6/8/24
891,25.5,6/9/24
892,25.2,6/10/24
893,22.8,6/11/24
894,24.7,6/12/24
895,24.2,6/13/24
896,22.2,6/14/24
897,24.5,6/15/24
898,22.3,6/16/24
899,21.1,6/17/24
900,22.3,6/18/24
901,25.7,6/19/24
902,22.5,6/20/24
903,23.6,6/21/24
904,24.7,6/22/24
905,24.1,6/23/24
906,24.4,6/24/24
907,23.6,6/25/24
908,25,6/26/24
909,24.1,6/27/24
910,25.3,6/28/24
911,24,6/29/24
912,25.4,6/30/24
913,27.6,7/1/24
914,28.5,7/2/24
915,27.7,7/3/24
916,28.7,7/4/24
917,24.2,7/5/24
918,25.3,7/6/24
919,26.6,7/7/24
920,27.9,7/8/24
921,26.6,7/9/24
922,25.3,7/10/24
923,26.3,7/11/24
924,25.8,7/12/24
925,25.6,7/13/24
926,27.4,7/14/24
927,28.1,7/15/24
928,28.1,7/16/24
929,30.3,7/17/24
930,30.6,7/18/24
931,30.4,7/19/24
932,30.4,7/20/24
933,30.3,7/21/24
934,30.2,7/22/24
935,29.8,7/23/24
936,30,7/24/24
937,28.8,7/25/24
938,27.7,7/26/24
939,29.7,7/27/24
940,29.4,7/28/24
941,27.6,7/29/24
942,29.5,7/30/24
943,30.5,7/31/24
944,27.6,8/1/24
945,30.9,8/2/24
946,31.9,8/3/24
947,30,8/4/24
948,30.3,8/5/24
949,31.1,8/6/24
950,26.6,8/7/24
951,26.4,8/8/24
952,27.5,8/9/24
953,24.3,8/10/24
954,24.6,8/11/24
955,23.8,8/12/24
956,24.9,8/13/24
957,25.4,8/14/24
958,24,8/15/24
959,25.4,8/16/24
960,23.1,8/17/24
961,24.6,8/18/24
962,26.1,8/19/24
963,27.1,8/20/24
964,28.6,8/21/24
965,28.8,8/22/24
966,29.4,8/23/24
967,29.7,8/24/24
968,29.9,8/25/24
969,30.2,8/26/24
970,30,8/27/24
971,29.6,8/28/24
972,27.8,8/29/24
973,28,8/30/24
974,24.1,8/31/24
975,22.8,9/1/24
976,24.2,9/2/24
977,26.1,9/3/24
978,24.8,9/4/24
979,25.4,9/5/24
980,23.6,9/6/24
981,24.2,9/7/24
982,26.8,9/8/24
983,25.6,9/9/24
984,24.6,9/10/24
985,23.8,9/11/24
986,21.6,9/12/24
987,23.1,9/13/24
988,25.3,9/14/24
989,24.2,9/15/24
990,25.6,9/16/24
991,24.7,9/17/24
992,25.9,9/18/24
993,25.6,9/19/24
994,25.9,9/20/24
995,25.3,9/21/24
996,23.3,9/22/24
997,24.5,9/23/24
998,19.9,9/24/24
999,23.6,9/25/24
1000,25,9/26/24
1001,25.3,9/27/24
1002,25.4,9/28/24
1003,23.3,9/29/24
1004,23,9/30/24
1005,24.4,10/1/24
1006,24.8,10/2/24
1007,24.6,10/3/24
1008,22.7,10/4/24
1009,25.1,10/5/24
1010,25.2,10/6/24
1011,26.1,10/7/24
1012,25.3,10/8/24
1013,24.8,10/9/24
1014,23.8,10/10/24
1015,22.5,10/11/24
1016,21.2,10/12/24
1017,21.6,10/13/24
1018,21.4,10/14/24
1019,15,10/15/24
1020,16.6,10/16/24
1021,15.7,10/17/24
1022,13.1,10/18/24
1023,13,10/19/24
1024,15.4,10/20/24
1025,12.7,10/21/24
1026,15.2,10/22/24
1027,13.8,10/23/24
1028,15.1,10/24/24
1029,15.4,10/25/24
1030,15.8,10/26/24
1031,14.3,10/27/24
1032,16.7,10/28/24
1033,16.5,10/29/24
1034,18,10/30/24
1035,15.8,10/31/24
1036,15.3,11/1/24
1037,14.8,11/2/24
1038,13.9,11/3/24
1039,15.3,11/4/24
1040,17.9,11/5/24
1041,19.2,11/6/24
1042,13.4,11/7/24
1043,12.2,11/8/24
1044,12,11/9/24
1045,10.6,11/10/24
1046,11.7,11/11/24
1047,11.6,11/12/24
1048,13.3,11/13/24
1049,13.4,11/14/24
1050,12.8,11/15/24
1051,10.69,11/16/24
1052,13.2,11/17/24
1053,13.2,11/18/24
1054,15.3,11/19/24
1055,13.1,11/20/24
1056,8.9,11/21/24
1057,10.4,11/22/24
1058,11.7,11/23/24
1059,11.3,11/24/24
1060,6.3,11/25/24
1061,7.1,11/26/24
1062,8.6,11/27/24
1063,14.2,11/28/24
1064,7.6,11/29/24
1065,6.9,11/30/24
1066,8.8,12/1/24
1067,7.5,12/2/24
1068,6.6,12/3/24
1069,11.5,12/4/24
1070,11.1,12/5/24
1071,9.9,12/6/24
1072,9.9,12/7/24
1073,10.5,12/8/24
1074,10.9,12/9/24
1075,11.6,12/10/24
1076,6.8,12/11/24
1077,6.9,12/12/24
1078,8.2,12/13/24
1079,11.4,12/14/24
1080,6.1,12/15/24
1081,3.3,12/16/24
1082,6.2,12/17/24
1083,6.9,12/18/24
1084,8.7,12/19/24
1085,6.4,12/20/24
1086,6.6,12/21/24
1087,10.2,12/22/24
1088,5.1,12/23/24
1089,0.9,12/24/24
1090,2.7,12/25/24
1091,3.8,12/26/24
1092,6.6,12/27/24
1093,5.6,12/28/24
1094,1.4,12/29/24
1095,2.3,12/30/24
1096,4.8,12/31/24
1097,5.4,1/1/25
1098,4.3,1/2/25
1099,3.8,1/3/25
1100,4.1,1/4/25
1101,4.3,1/5/25
1102,4.4,1/6/25
1103,7.6,1/7/25
1104,7.6,1/8/25
1105,4.3,1/9/25
1106,2.7,1/10/25
1107,2.6,1/11/25
1108,2.4,1/12/25
1109,3.3,1/13/25
1110,5.4,1/14/25
1111,4.9,1/15/25
1112,2.1,1/16/25
1113,2.9,1/17/25
1114,1.9,1/18/25
1115,2.1,1/19/25
1116,2.8,1/20/25
1117,3.8,1/21/25
1118,4.3,1/22/25
1119,4.5,1/23/25
1120,6.8,1/24/25
1121,4.6,1/25/25
1122,4.8,1/26/25
1123,5.7,1/27/25
1124,4.4,1/28/25
1125,4.1,1/29/25
1126,4.8,1/30/25
1127,4.2,1/31/25
1128,4.9,2/1/25
1129,4.8,2/2/25
1130,2.1,2/3/25
1131,2.4,2/4/25
1132,4.6,2/5/25
1133,5.5,2/6/25
1134,5.9,2/7/25
1135,5.8,2/8/25
1136,5.44,2/9/25
1137,7.13,2/10/25
1138,10.6,2/11/25
1139,15.4,2/12/25
1140,10.9,2/13/25
1141,6.8,2/14/25
1142,1.1,2/15/25
1143,2.3,2/16/25
1144,5.9,2/17/25
1145,4.05,2/18/25
1146,8.5,2/19/25
1147,14.9,2/20/25
1148,6.3,2/21/25
1149,4.5,2/22/25
1150,8.8,2/23/25
1151,6.8,2/24/25
1152,5.5,2/25/25
1153,10.5,2/26/25
1154,15.8,2/27/25
1155,6,2/28/25
1156,5.6,3/1/25
1157,12.7,3/2/25
1158,12.4,3/3/25
1159,8.9,3/4/25
1160,8.6,3/5/25
1161,7.1,3/6/25
1162,10.3,3/7/25
1163,8.1,3/8/25
1164,11.3,3/9/25
1165,12.5,3/10/25
1166,9.7,3/11/25
1167,9.6,3/12/25
1168,11.8,3/13/25
1169,12.7,3/14/25
1170,8.5,3/15/25
1171,11.3,3/16/25
1172,12.4,3/17/25
1173,17.3,3/18/25
1174,12.1,3/19/25
1175,7.6,3/20/25
1176,10.1,3/21/25
1177,15.1,3/22/25
1178,11.4,3/23/25
1179,11.7,3/24/25
1180,16.4,3/25/25
1181,15.5,3/26/25
1182,16.6,3/27/25
1183,15.7,3/28/25
1184,14.4,3/29/25
1185,16.5,3/30/25
1186,18.4,3/31/25
1187,17.8,4/1/25
1188,15,4/2/25
1189,10.6,4/3/25
1190,13.1,4/4/25
1191,13.9,4/5/25
1192,13.2,4/6/25
1193,9,4/7/25
1194,10.4,4/8/25
1195,14.8,4/9/25
1196,17.2,4/10/25
1197,17.5,4/11/25
1198,11.3,4/12/25
1199,14.8,4/13/25
1200,14.9,4/14/25
1201,12.4,4/15/25
1202,9.7,4/16/25
1203,13.9,4/17/25
1204,17.2,4/18/25
1205,18.2,4/19/25
1206,18.1,4/20/25
1207,18.8,4/21/25
1208,18.3,4/22/25
1209,14.3,4/23/25
1210,12.1,4/24/25
1211,17.2,4/25/25
1212,16.4,4/26/25
1213,13.6,4/27/25
1214,16.8,4/28/25
1215,17.5,4/29/25
1216,11.9,4/30/25
1217,15.8,5/1/25
1218,19.6,5/2/25
1219,15.1,5/3/25
1220,19.9,5/4/25
1221,16.8,5/5/25
1222,19.9,5/6/25
1223,17.4,5/7/25
1224,18.7,5/8/25
1225,17.7,5/9/25
1226,18,5/10/25
1227,20.9,5/11/25
1228,23.8,5/12/25
1229,22.8,5/13/25
1230,20.7,5/14/25
1231,22.3,5/15/25
1232,22.1,5/16/25
1233,19.7,5/17/25
1234,20.4,5/18/25
1235,19.9,5/19/25
1236,17.2,5/20/25
1237,22.3,5/21/25
1238,19.1,5/22/25
1239,21,5/23/25
1240,19.2,5/24/25
1241,16.8,5/25/25
1242,21.1,5/26/25
1243,21.1,5/27/25
1244,20.8,5/28/25
1245,22.6,5/29/25
1246,24.6,5/30/25
1247,23.6,5/31/25
1248,23.2,6/1/25
1249,19.1,6/2/25
1250,20.8,6/3/25
1251,23.7,6/4/25
1252,25.7,6/5/25
1253,25.4,6/6/25
1254,25.8,6/7/25
1255,26.5,6/8/25
1256,25.5,6/9/25
1257,25.2,6/10/25
1258,22.8,6/11/25
1259,24.7,6/12/25
1260,24.2,6/13/25
1261,22.2,6/14/25
1262,24.5,6/15/25
1263,22.3,6/16/25
1264,21.1,6/17/25
1265,22.3,6/18/25
1266,25.7,6/19/25
1267,22.5,6/20/25
1268,23.6,6/21/25
1269,24.7,6/22/25
1270,24.1,6/23/25
1271,24.4,6/24/25
1272,23.6,6/25/25
1273,25,6/26/25
1274,24.1,6/27/25
1275,25.3,6/28/25
1276,24,6/29/25
1277,25.4,6/30/25
1278,27.6,7/1/25
1279,28.5,7/2/25
1280,27.7,7/3/25
1281,28.7,7/4/25
1282,24.2,7/5/25
1283,25.3,7/6/25
1284,26.6,7/7/25
1285,27.9,7/8/25
1286,26.6,7/9/25
1287,25.3,7/10/25
1288,26.3,7/11/25
1289,25.8,7/12/25
1290,25.6,7/13/25
1291,27.4,7/14/25
1292,28.1,7/15/25
1293,28.1,7/16/25
1294,30.3,7/17/25
1295,30.6,7/18/25
1296,30.4,7/19/25
1297,30.4,7/20/25
1298,30.3,7/21/25
1299,30.2,7/22/25
1300,29.8,7/23/25
1301,30,7/24/25
1302,28.8,7/25/25
1303,27.7,7/26/25
1304,29.7,7/27/25
1305,29.4,7/28/25
1306,27.6,7/29/25
1307,29.5,7/30/25
1308,30.5,7/31/25
1309,27.6,8/1/25
1310,30.9,8/2/25
1311,31.9,8/3/25
1312,30,8/4/25
1313,30.3,8/5/25
1314,31.1,8/6/25
1315,26.6,8/7/25
1316,26.4,8/8/25
1317,27.5,8/9/25
1318,24.3,8/10/25
1319,24.6,8/11/25
1320,23.8,8/12/25
1321,24.9,8/13/25
1322,25.4,8/14/25
1323,24,8/15/25
1324,25.4,8/16/25
1325,23.1,8/17/25
1326,24.6,8/18/25
1327,26.1,8/19/25
1328,27.1,8/20/25
1329,28.6,8/21/25
1330,28.8,8/22/25
1331,29.4,8/23/25
1332,29.7,8/24/25
1333,29.9,8/25/25
1334,30.2,8/26/25
1335,30,8/27/25
1336,29.6,8/28/25
1337,27.8,8/29/25
1338,28,8/30/25
1339,24.1,8/31/25
1340,22.8,9/1/25
1341,24.2,9/2/25
1342,26.1,9/3/25
1343,24.8,9/4/25
1344,25.4,9/5/25
1345,23.6,9/6/25
1346,24.2,9/7/25
1347,26.8,9/8/25
1348,25.6,9/9/25
1349,24.6,9/10/25
1350,23.8,9/11/25
1351,21.6,9/12/25
1352,23.1,9/13/25
1353,25.3,9/14/25
1354,24.2,9/15/25
1355,25.6,9/16/25
1356,24.7,9/17/25
1357,25.9,9/18/25
1358,25.6,9/19/25
1359,25.9,9/20/25
1360,25.3,9/21/25
1361,23.3,9/22/25
1362,24.5,9/23/25
1363,19.9,9/24/25
1364,23.6,9/25/25
1365,25,9/26/25
1366,25.3,9/27/25
1367,25.4,9/28/25
1368,23.3,9/29/25
1369,23,9/30/25
1370,24.4,10/1/25
1371,24.8,10/2/25
1372,24.6,10/3/25
1373,22.7,10/4/25
1374,25.1,10/5/25
1375,25.2,10/6/25
1376,26.1,10/7/25
1377,25.3,10/8/25
1378,24.8,10/9/25
1379,23.8,10/10/25
1380,22.5,10/11/25
1381,21.2,10/12/25
1382,21.6,10/13/25
1383,21.4,10/14/25
1384,15,10/15/25
1385,16.6,10/16/25
1386,15.7,10/17/25
1387,13.1,10/18/25
1388,13,10/19/25
1389,15.4,10/20/25
1390,12.7,10/21/25
1391,15.2,10/22/25
1392,13.8,10/23/25
1393,15.1,10/24/25
1394,15.4,10/25/25
1395,15.8,10/26/25
1396,14.3,10/27/25
1397,16.7,10/28/25
1398,16.5,10/29/25
1399,18,10/30/25
1400,15.8,10/31/25
1401,15.3,11/1/25
1402,14.8,11/2/25
1403,13.9,11/3/25
1404,15.3,11/4/25
1405,17.9,11/5/25
1406,19.2,11/6/25
1407,13.4,11/7/25
1408,12.2,11/8/25
1409,12,11/9/25
1410,10.6,11/10/25
1411,11.7,11/11/25
1412,11.6,11/12/25
1413,13.3,11/13/25
1414,13.4,11/14/25
1415,12.8,11/15/25
1416,10.69,11/16/25
1417,13.2,11/17/25
1418,13.2,11/18/25
1419,15.3,11/19/25
1420,13.1,11/20/25
1421,8.9,11/21/25
1422,10.4,11/22/25
1423,11.7,11/23/25
1424,11.3,11/24/25
1425,6.3,11/25/25
1426,7.1,11/26/25
1427,8.6,11/27/25
1428,14.2,11/28/25
1429,7.6,11/29/25
1430,6.9,11/30/25
1431,8.8,12/1/25
1432,7.5,12/2/25
1433,6.6,12/3/25
1434,11.5,12/4/25
1435,11.1,12/5/25
1436,9.9,12/6/25
1437,9.9,12/7/25
1438,10.5,12/8/25
1439,10.9,12/9/25
1440,11.6,12/10/25
1441,6.8,12/11/25
1442,6.9,12/12/25
1443,8.2,12/13/25
1444,11.4,12/14/25
1445,6.1,12/15/25
1446,3.3,12/16/25
1447,6.2,12/17/25
1448,6.9,12/18/25
1449,8.7,12/19/25
1450,6.4,12/20/25
1451,6.6,12/21/25
1452,10.2,12/22/25
1453,5.1,12/23/25
1454,0.9,12/24/25
1455,2.7,12/25/25
1456,3.8,12/26/25
1457,6.6,12/27/25
1458,5.6,12/28/25
1459,1.4,12/29/25
1460,2.3,12/30/25
1461,4.8,12/31/25
1462,5.4,1/1/26
1463,4.3,1/2/26
1464,3.8,1/3/26
1465,4.1,1/4/26
1466,4.3,1/5/26
1467,4.4,1/6/26
1468,7.6,1/7/26
1469,7.6,1/8/26
1470,4.3,1/9/26
1471,2.7,1/10/26
1472,2.6,1/11/26
1473,2.4,1/12/26
1474,3.3,1/13/26
1475,5.4,1/14/26
1476,4.9,1/15/26
1477,2.1,1/16/26
1478,2.9,1/17/26
1479,1.9,1/18/26
1480,2.1,1/19/26
1481,2.8,1/20/26
1482,3.8,1/21/26
1483,4.3,1/22/26
1484,4.5,1/23/26
1485,6.8,1/24/26
1486,4.6,1/25/26
1487,4.8,1/26/26
1488,5.7,1/27/26
1489,4.4,1/28/26
1490,4.1,1/29/26
1491,4.8,1/30/26
1492,4.2,1/31/26
1493,4.9,2/1/26
1494,4.8,2/2/26
1495,2.1,2/3/26
1496,2.4,2/4/26
1497,4.6,2/5/26
1498,5.5,2/6/26
1499,5.9,2/7/26
1500,5.8,2/8/26
1501,5.44,2/9/26
1502,7.13,2/10/26
1503,10.6,2/11/26
1504,15.4,2/12/26
1505,10.9,2/13/26
1506,6.8,2/14/26
1507,1.1,2/15/26
1508,2.3,2/16/26
1509,5.9,2/17/26
1510,4.05,2/18/26
1511,8.5,2/19/26
1512,14.9,2/20/26
1513,6.3,2/21/26
1514,4.5,2/22/26
1515,8.8,2/23/26
1516,6.8,2/24/26
1517,5.5,2/25/26
1518,10.5,2/26/26
1519,15.8,2/27/26
1520,6,2/28/26
1521,5.6,3/1/26
1522,12.7,3/2/26
1523,12.4,3/3/26
1524,8.9,3/4/26
1525,8.6,3/5/26
1526,7.1,3/6/26
1527,10.3,3/7/26
1528,8.1,3/8/26
1529,11.3,3/9/26
1530,12.5,3/10/26
1531,9.7,3/11/26
1532,9.6,3/12/26
1533,11.8,3/13/26
1534,12.7,3/14/26
1535,8.5,3/15/26
1536,11.3,3/16/26
1537,12.4,3/17/26
1538,17.3,3/18/26
1539,12.1,3/19/26
1540,7.6,3/20/26
1541,10.1,3/21/26
1542,15.1,3/22/26
1543,11.4,3/23/26
1544,11.7,3/24/26
1545,16.4,3/25/26
1546,15.5,3/26/26
1547,16.6,3/27/26
1548,15.7,3/28/26
1549,14.4,3/29/26
1550,16.5,3/30/26
1551,18.4,3/31/26
1552,17.8,4/1/26
1553,15,4/2/26
1554,10.6,4/3/26
1555,13.1,4/4/26
1556,13.9,4/5/26
1557,13.2,4/6/26
1558,9,4/7/26
1559,10.4,4/8/26
1560,14.8,4/9/26
1561,17.2,4/10/26
1562,17.5,4/11/26
1563,11.3,4/12/26
1564,14.8,4/13/26
1565,14.9,4/14/26
1566,12.4,4/15/26
1567,9.7,4/16/26
1568,13.9,4/17/26
1569,17.2,4/18/26
1570,18.2,4/19/26
1571,18.1,4/20/26
1572,18.8,4/21/26
1573,18.3,4/22/26
1574,14.3,4/23/26
1575,12.1,4/24/26
1576,17.2,4/25/26
1577,16.4,4/26/26
1578,13.6,4/27/26
1579,16.8,4/28/26
1580,17.5,4/29/26
1581,11.9,4/30/26
1582,15.8,5/1/26
1583,19.6,5/2/26
1584,15.1,5/3/26
1585,19.9,5/4/26
1586,16.8,5/5/26
1587,19.9,5/6/26
1588,17.4,5/7/26
1589,18.7,5/8/26
1590,17.7,5/9/26
1591,18,5/10/26
1592,20.9,5/11/26
1593,23.8,5/12/26
1594,22.8,5/13/26
1595,20.7,5/14/26
1596,22.3,5/15/26
1597,22.1,5/16/26
1598,19.7,5/17/26
1599,20.4,5/18/26
1600,19.9,5/19/26
1601,17.2,5/20/26
1602,22.3,5/21/26
1603,19.1,5/22/26
1604,21,5/23/26
1605,19.2,5/24/26
1606,16.8,5/25/26
1607,21.1,5/26/26
1608,21.1,5/27/26
1609,20.8,5/28/26
1610,22.6,5/29/26
1611,24.6,5/30/26
1612,23.6,5/31/26
1613,23.2,6/1/26
1614,19.1,6/2/26
1615,20.8,6/3/26
1616,23.7,6/4/26
1617,25.7,6/5/26
1618,25.4,6/6/26
1619,25.8,6/7/26
1620,26.5,6/8/26
1621,25.5,6/9/26
1622,25.2,6/10/26
1623,22.8,6/11/26
1624,24.7,6/12/26
1625,24.2,6/13/26
1626,22.2,6/14/26
1627,24.5,6/15/26
1628,22.3,6/16/26
1629,21.1,6/17/26
1630,22.3,6/18/26
1631,25.7,6/19/26
1632,22.5,6/20/26
1633,23.6,6/21/26
1634,24.7,6/22/26
1635,24.1,6/23/26
1636,24.4,6/24/26
1637,23.6,6/25/26
1638,25,6/26/26
1639,24.1,6/27/26
1640,25.3,6/28/26
1641,24,6/29/26
1642,25.4,6/30/26
1643,27.6,7/1/26
1644,28.5,7/2/26
1645,27.7,7/3/26
1646,28.7,7/4/26
1647,24.2,7/5/26
1648,25.3,7/6/26
1649,26.6,7/7/26
1650,27.9,7/8/26
1651,26.6,7/9/26
1652,25.3,7/10/26
1653,26.3,7/11/26
1654,25.8,7/12/26
1655,25.6,7/13/26
1656,27.4,7/14/26
1657,28.1,7/15/26
1658,28.1,7/16/26
1659,30.3,7/17/26
1660,30.6,7/18/26
1661,30.4,7/19/26
1662,30.4,7/20/26
1663,30.3,7/21/26
1664,30.2,7/22/26
1665,29.8,7/23/26
1666,30,7/24/26
1667,28.8,7/25/26
1668,27.7,7/26/26
1669,29.7,7/27/26
1670,29.4,7/28/26
1671,27.6,7/29/26
1672,29.5,7/30/26
1673,30.5,7/31/26
1674,27.6,8/1/26
1675,30.9,8/2/26
1676,31.9,8/3/26
1677,30,8/4/26
1678,30.3,8/5/26
1679,31.1,8/6/26
1680,26.6,8/7/26
1681,26.4,8/8/26
1682,27.5,8/9/26
1683,24.3,8/10/26
1684,24.6,8/11/26
1685,23.8,8/12/26
1686,24.9,8/13/26
1687,25.4,8/14/26
1688,24,8/15/26
1689,25.4,8/16/26
1690,23.1,8/17/26
1691,24.6,8/18/26
1692,26.1,8/19/26
1693,27.1,8/20/26
1694,28.6,8/21/26
1695,28.8,8/22/26
1696,29.4,8/23/26
1697,29.7,8/24/26
1698,29.9,8/25/26
1699,30.2,8/26/26
1700,30,8/27/26
1701,29.6,8/28/26
1702,27.8,8/29/26
1703,28,8/30/26
1704,24.1,8/31/26
1705,22.8,9/1/26
1706,24.2,9/2/26
1707,26.1,9/3/26
1708,24.8,9/4/26
1709,25.4,9/5/26
1710,23.6,9/6/26
1711,24.2,9/7/26
1712,26.8,9/8/26
1713,25.6,9/9/26
1714,24.6,9/10/26
1715,23.8,9/11/26
1716,21.6,9/12/26
1717,23.1,9/13/26
1718,25.3,9/14/26
1719,24.2,9/15/26
1720,25.6,9/16/26
1721,24.7,9/17/26
1722,25.9,9/18/26
1723,25.6,9/19/26
1724,25.9,9/20/26
1725,25.3,9/21/26
1726,23.3,9/22/26
1727,24.5,9/23/26
1728,19.9,9/24/26
1729,23.6,9/25/26
1730,25,9/26/26
1731,25.3,9/27/26
1732,25.4,9/28/26
1733,23.3,9/29/26
1734,23,9/30/26
1735,24.4,10/1/26
1736,24.8,10/2/26
1737,24.6,10/3/26
1738,22.7,10/4/26
1739,25.1,10/5/26
1740,25.2,10/6/26
1741,26.1,10/7/26
1742,25.3,10/8/26
1743,24.8,10/9/26
1744,23.8,10/10/26
1745,22.5,10/11/26
1746,21.2,10/12/26
1747,21.6,10/13/26
1748,21.4,10/14/26
1749,15,10/15/26
1750,16.6,10/16/26
1751,15.7,10/17/26
1752,13.1,10/18/26
1753,13,10/19/26
1754,15.4,10/20/26
1755,12.7,10/21/26
1756,15.2,10/22/26
1757,13.8,10/23/26
1758,15.1,10/24/26
1759,15.4,10/25/26
1760,15.8,10/26/26
1761,14.3,10/27/26
1762,16.7,10/28/26
1763,16.5,10/29/26
1764,18,10/30/26
1765,15.8,10/31/26
1766,15.3,11/1/26
1767,14.8,11/2/26
1768,13.9,11/3/26
1769,15.3,11/4/26
1770,17.9,11/5/26
1771,19.2,11/6/26
1772,13.4,11/7/26
1773,12.2,11/8/26
1774,12,11/9/26
1775,10.6,11/10/26
1776,11.7,11/11/26
1777,11.6,11/12/26
1778,13.3,11/13/26
1779,13.4,11/14/26
1780,12.8,11/15/26
1781,10.69,11/16/26
1782,13.2,11/17/26
1783,13.2,11/18/26
1784,15.3,11/19/26
1785,13.1,11/20/26
1786,8.9,11/21/26
1787,10.4,11/22/26
1788,11.7,11/23/26
1789,11.3,11/24/26
1790,6.3,11/25/26
1791,7.1,11/26/26
1792,8.6,11/27/26
1793,14.2,11/28/26
1794,7.6,11/29/26
1795,6.9,11/30/26
1796,8.8,12/1/26
1797,7.5,12/2/26
1798,6.6,12/3/26
1799,11.5,12/4/26
1800,11.1,12/5/26
1801,9.9,12/6/26
1802,9.9,12/7/26
1803,10.5,12/8/26
1804,10.9,12/9/26
1805,11.6,12/10/26
1806,6.8,12/11/26
1807,6.9,12/12/26
1808,8.2,12/13/26
1809,11.4,12/14/26
1810,6.1,12/15/26
1811,3.3,12/16/26
1812,6.2,12/17/26
1813,6.9,12/18/26
1814,8.7,12/19/26
1815,6.4,12/20/26
1816,6.6,12/21/26
1817,10.2,12/22/26
1818,5.1,12/23/26
1819,0.9,12/24/26
1820,2.7,12/25/26
1821,3.8,12/26/26
1822,6.6,12/27/26
1823,5.6,12/28/26
1824,1.4,12/29/26
1825,2.3,12/30/26
1826,4.8,12/31/26
1827,5.4,1/1/27
1828,4.3,1/2/27
1829,3.8,1/3/27
1830,4.1,1/4/27
1831,4.3,1/5/27
1832,4.4,1/6/27
1833,7.6,1/7/27
1834,7.6,1/8/27
1835,4.3,1/9/27
1836,2.7,1/10/27
1837,2.6,1/11/27
1838,2.4,1/12/27
1839,3.3,1/13/27
1840,5.4,1/14/27
1841,4.9,1/15/27
1842,2.1,1/16/27
1843,2.9,1/17/27
1844,1.9,1/18/27
1845,2.1,1/19/27
1846,2.8,1/20/27
1847,3.8,1/21/27
1848,4.3,1/22/27
1849,4.5,1/23/27
1850,6.8,1/24/27
1851,4.6,1/25/27
1852,4.8,1/26/27
1853,5.7,1/27/27
1854,4.4,1/28/27
1855,4.1,1/29/27
1856,4.8,1/30/27
1857,4.2,1/31/27
1858,4.9,2/1/27
1859,4.8,2/2/27
1860,2.1,2/3/27
1861,2.4,2/4/27
1862,4.6,2/5/27
1863,5.5,2/6/27
1864,5.9,2/7/27
1865,5.8,2/8/27
1866,5.44,2/9/27
1867,7.13,2/10/27
1868,10.6,2/11/27
1869,15.4,2/12/27
1870,10.9,2/13/27
1871,6.8,2/14/27
1872,1.1,2/15/27
1873,2.3,2/16/27
1874,5.9,2/17/27
1875,4.05,2/18/27
1876,8.5,2/19/27
1877,14.9,2/20/27
1878,6.3,2/21/27
1879,4.5,2/22/27
1880,8.8,2/23/27
1881,6.8,2/24/27
1882,5.5,2/25/27
1883,10.5,2/26/27
1884,15.8,2/27/27
1885,6,2/28/27
1886,5.6,3/1/27
1887,12.7,3/2/27
1888,12.4,3/3/27
1889,8.9,3/4/27
1890,8.6,3/5/27
1891,7.1,3/6/27
1892,10.3,3/7/27
1893,8.1,3/8/27
1894,11.3,3/9/27
1895,12.5,3/10/27
1896,9.7,3/11/27
1897,9.6,3/12/27
1898,11.8,3/13/27
1899,12.7,3/14/27
1900,8.5,3/15/27
1901,11.3,3/16/27
1902,12.4,3/17/27
1903,17.3,3/18/27
1904,12.1,3/19/27
1905,7.6,3/20/27
1906,10.1,3/21/27
1907,15.1,3/22/27
1908,11.4,3/23/27
1909,11.7,3/24/27
1910,16.4,3/25/27
1911,15.5,3/26/27
1912,16.6,3/27/27
1913,15.7,3/28/27
1914,14.4,3/29/27
1915,16.5,3/30/27
1916,18.4,3/31/27
1917,17.8,4/1/27
1918,15,4/2/27
1919,10.6,4/3/27
1920,13.1,4/4/27
1921,13.9,4/5/27
1922,13.2,4/6/27
1923,9,4/7/27
1924,10.4,4/8/27
1925,14.8,4/9/27
1926,17.2,4/10/27
1927,17.5,4/11/27
1928,11.3,4/12/27
1929,14.8,4/13/27
1930,14.9,4/14/27
1931,12.4,4/15/27
1932,9.7,4/16/27
1933,13.9,4/17/27
1934,17.2,4/18/27
1935,18.2,4/19/27
1936,18.1,4/20/27
1937,18.8,4/21/27
1938,18.3,4/22/27
1939,14.3,4/23/27
1940,12.1,4/24/27
1941,17.2,4/25/27
1942,16.4,4/26/27
1943,13.6,4/27/27
1944,16.8,4/28/27
1945,17.5,4/29/27
1946,11.9,4/30/27
1947,15.8,5/1/27
1948,19.6,5/2/27
1949,15.1,5/3/27
1950,19.9,5/4/27
1951,16.8,5/5/27
1952,19.9,5/6/27
1953,17.4,5/7/27
1954,18.7,5/8/27
1955,17.7,5/9/27
1956,18,5/10/27
1957,20.9,5/11/27
1958,23.8,5/12/27
1959,22.8,5/13/27
1960,20.7,5/14/27
1961,22.3,5/15/27
1962,22.1,5/16/27
1963,19.7,5/17/27
1964,20.4,5/18/27
1965,19.9,5/19/27
1966,17.2,5/20/27
1967,22.3,5/21/27
1968,19.1,5/22/27
1969,21,5/23/27
1970,19.2,5/24/27
1971,16.8,5/25/27
1972,21.1,5/26/27
1973,21.1,5/27/27
1974,20.8,5/28/27
1975,22.6,5/29/27
1976,24.6,5/30/27
1977,23.6,5/31/27
1978,23.2,6/1/27
1979,19.1,6/2/27
1980,20.8,6/3/27
1981,23.7,6/4/27
1982,25.7,6/5/27
1983,25.4,6/6/27
1984,25.8,6/7/27
1985,26.5,6/8/27
1986,25.5,6/9/27
1987,25.2,6/10/27
1988,22.8,6/11/27
1989,24.7,6/12/27
1990,24.2,6/13/27
1991,22.2,6/14/27
1992,24.5,6/15/27
1993,22.3,6/16/27
1994,21.1,6/17/27
1995,22.3,6/18/27
1996,25.7,6/19/27
1997,22.5,6/20/27
1998,23.6,6/21/27
1999,24.7,6/22/27
2000,24.1,6/23/27
2001,24.4,6/24/27
2002,23.6,6/25/27
2003,25,6/26/27
2004,24.1,6/27/27
2005,25.3,6/28/27
2006,24,6/29/27
2007,25.4,6/30/27
2008,27.6,7/1/27
2009,28.5,7/2/27
2010,27.7,7/3/27
2011,28.7,7/4/27
2012,24.2,7/5/27
2013,25.3,7/6/27
2014,26.6,7/7/27
2015,27.9,7/8/27
2016,26.6,7/9/27
2017,25.3,7/10/27
2018,26.3,7/11/27
2019,25.8,7/12/27
2020,25.6,7/13/27
2021,27.4,7/14/27
2022,28.1,7/15/27
2023,28.1,7/16/27
2024,30.3,7/17/27
2025,30.6,7/18/27
2026,30.4,7/19/27
2027,30.4,7/20/27
2028,30.3,7/21/27
2029,30.2,7/22/27
2030,29.8,7/23/27
2031,30,7/24/27
2032,28.8,7/25/27
2033,27.7,7/26/27
2034,29.7,7/27/27
2035,29.4,7/28/27
2036,27.6,7/29/27
2037,29.5,7/30/27
2038,30.5,7/31/27
2039,27.6,8/1/27
2040,30.9,8/2/27
2041,31.9,8/3/27
2042,30,8/4/27
2043,30.3,8/5/27
2044,31.1,8/6/27
2045,26.6,8/7/27
2046,26.4,8/8/27
2047,27.5,8/9/27
2048,24.3,8/10/27
2049,24.6,8/11/27
2050,23.8,8/12/27
2051,24.9,8/13/27
2052,25.4,8/14/27
2053,24,8/15/27
2054,25.4,8/16/27
2055,23.1,8/17/27
2056,24.6,8/18/27
2057,26.1,8/19/27
2058,27.1,8/20/27
2059,28.6,8/21/27
2060,28.8,8/22/27
2061,29.4,8/23/27
2062,29.7,8/24/27
2063,29.9,8/25/27
2064,30.2,8/26/27
2065,30,8/27/27
2066,29.6,8/28/27
2067,27.8,8/29/27
2068,28,8/30/27
2069,24.1,8/31/27
2070,22.8,9/1/27
2071,24.2,9/2/27
2072,26.1,9/3/27
2073,24.8,9/4/27
2074,25.4,9/5/27
2075,23.6,9/6/27
2076,24.2,9/7/27
2077,26.8,9/8/27
2078,25.6,9/9/27
2079,24.6,9/10/27
2080,23.8,9/11/27
2081,21.6,9/12/27
2082,23.1,9/13/27
2083,25.3,9/14/27
2084,24.2,9/15/27
2085,25.6,9/16/27
2086,24.7,9/17/27
2087,25.9,9/18/27
2088,25.6,9/19/27
2089,25.9,9/20/27
2090,25.3,9/21/27
2091,23.3,9/22/27
2092,24.5,9/23/27
2093,19.9,9/24/27
2094,23.6,9/25/27
2095,25,9/26/27
2096,25.3,9/27/27
2097,25.4,9/28/27
2098,23.3,9/29/27
2099,23,9/30/27
2100,24.4,10/1/27
2101,24.8,10/2/27
2102,24.6,10/3/27
2103,22.7,10/4/27
2104,25.1,10/5/27
2105,25.2,10/6/27
2106,26.1,10/7/27
2107,25.3,10/8/27
2108,24.8,10/9/27
2109,23.8,10/10/27
2110,22.5,10/11/27
2111,21.2,10/12/27
2112,21.6,10/13/27
2113,21.4,10/14/27
2114,15,10/15/27
2115,16.6,10/16/27
2116,15.7,10/17/27
2117,13.1,10/18/27
2118,13,10/19/27
2119,15.4,10/20/27
2120,12.7,10/21/27
2121,15.2,10/22/27
2122,13.8,10/23/27
2123,15.1,10/24/27
2124,15.4,10/25/27
2125,15.8,10/26/27
2126,14.3,10/27/27
2127,16.7,10/28/27
2128,16.5,10/29/27
2129,18,10/30/27
2130,15.8,10/31/27
2131,15.3,11/1/27
2132,14.8,11/2/27
2133,13.9,11/3/27
2134,15.3,11/4/27
2135,17.9,11/5/27
2136,19.2,11/6/27
2137,13.4,11/7/27
2138,12.2,11/8/27
2139,12,11/9/27
2140,10.6,11/10/27
2141,11.7,11/11/27
2142,11.6,11/12/27
2143,13.3,11/13/27
2144,13.4,11/14/27
2145,12.8,11/15/27
2146,10.69,11/16/27
2147,13.2,11/17/27
2148,13.2,11/18/27
2149,15.3,11/19/27
2150,13.1,11/20/27
2151,8.9,11/21/27
2152,10.4,11/22/27
2153,11.7,11/23/27
2154,11.3,11/24/27
2155,6.3,11/25/27
2156,7.1,11/26/27
2157,8.6,11/27/27
2158,14.2,11/28/27
2159,7.6,11/29/27
2160,6.9,11/30/27
2161,8.8,12/1/27
2162,7.5,12/2/27
2163,6.6,12/3/27
2164,11.5,12/4/27
2165,11.1,12/5/27
2166,9.9,12/6/27
2167,9.9,12/7/27
2168,10.5,12/8/27
2169,10.9,12/9/27
2170,11.6,12/10/27
2171,6.8,12/11/27
2172,6.9,12/12/27
2173,8.2,12/13/27
2174,11.4,12/14/27
2175,6.1,12/15/27
2176,3.3,12/16/27
2177,6.2,12/17/27
2178,6.9,12/18/27
2179,8.7,12/19/27
2180,6.4,12/20/27
2181,6.6,12/21/27
2182,10.2,12/22/27
2183,5.1,12/23/27
2184,0.9,12/24/27
2185,2.7,12/25/27
2186,3.8,12/26/27
2187,6.6,12/27/27
2188,5.6,12/28/27
2189,1.4,12/29/27
2190,2.3,12/30/27
2191,4.8,12/31/27
2192,5.4,1/1/28
2193,4.3,1/2/28
2194,3.8,1/3/28
2195,4.1,1/4/28
2196,4.3,1/5/28
2197,4.4,1/6/28
2198,7.6,1/7/28
2199,7.6,1/8/28
2200,4.3,1/9/28
2201,2.7,1/10/28
2202,2.6,1/11/28
2203,2.4,1/12/28
2204,3.3,1/13/28
2205,5.4,1/14/28
2206,4.9,1/15/28
2207,2.1,1/16/28
2208,2.9,1/17/28
2209,1.9,1/18/28
2210,2.1,1/19/28
2211,2.8,1/20/28
2212,3.8,1/21/28
2213,4.3,1/22/28
2214,4.5,1/23/28
2215,6.8,1/24/28
2216,4.6,1/25/28
2217,4.8,1/26/28
2218,5.7,1/27/28
2219,4.4,1/28/28
2220,4.1,1/29/28
2221,4.8,1/30/28
2222,4.2,1/31/28
2223,4.9,2/1/28
2224,4.8,2/2/28
2225,2.1,2/3/28
2226,2.4,2/4/28
2227,4.6,2/5/28
2228,5.5,2/6/28
2229,5.9,2/7/28
2230,5.8,2/8/28
2231,5.44,2/9/28
2232,7.13,2/10/28
2233,10.6,2/11/28
2234,15.4,2/12/28
2235,10.9,2/13/28
2236,6.8,2/14/28
2237,1.1,2/15/28
2238,2.3,2/16/28
2239,5.9,2/17/28
2240,4.05,2/18/28
2241,8.5,2/19/28
2242,14.9,2/20/28
2243,6.3,2/21/28
2244,4.5,2/22/28
2245,8.8,2/23/28
2246,6.8,2/24/28
2247,5.5,2/25/28
2248,10.5,2/26/28
2249,15.8,2/27/28
2250,6,2/28/28
2251,5.6,2/29/28
2252,12.7,3/1/28
2253,12.4,3/2/28
2254,8.9,3/3/28
2255,8.6,3/4/28
2256,7.1,3/5/28
2257,10.3,3/6/28
2258,8.1,3/7/28
2259,11.3,3/8/28
2260,12.5,3/9/28
2261,9.7,3/10/28
2262,9.6,3/11/28
2263,11.8,3/12/28
2264,12.7,3/13/28
2265,8.5,3/14/28
2266,11.3,3/15/28
2267,12.4,3/16/28
2268,17.3,3/17/28
2269,12.1,3/18/28
2270,7.6,3/19/28
2271,10.1,3/20/28
2272,15.1,3/21/28
2273,11.4,3/22/28
2274,11.7,3/23/28
2275,16.4,3/24/28
2276,15.5,3/25/28
2277,16.6,3/26/28
2278,15.7,3/27/28
2279,14.4,3/28/28
2280,16.5,3/29/28
2281,18.4,3/30/28
2282,17.8,3/31/28
2283,15,4/1/28
2284,10.6,4/2/28
2285,13.1,4/3/28
2286,13.9,4/4/28
2287,13.2,4/5/28
2288,9,4/6/28
2289,10.4,4/7/28
2290,14.8,4/8/28
2291,17.2,4/9/28
2292,17.5,4/10/28
2293,11.3,4/11/28
2294,14.8,4/12/28
2295,14.9,4/13/28
2296,12.4,4/14/28
2297,9.7,4/15/28
2298,13.9,4/16/28
2299,17.2,4/17/28
2300,18.2,4/18/28
2301,18.1,4/19/28
2302,18.8,4/20/28
2303,18.3,4/21/28
2304,14.3,4/22/28
2305,12.1,4/23/28
2306,17.2,4/24/28
2307,16.4,4/25/28
2308,13.6,4/26/28
2309,16.8,4/27/28
2310,17.5,4/28/28
2311,11.9,4/29/28
2312,15.8,4/30/28
2313,19.6,5/1/28
2314,15.1,5/2/28
2315,19.9,5/3/28
2316,16.8,5/4/28
2317,19.9,5/5/28
2318,17.4,5/6/28
2319,18.7,5/7/28
2320,17.7,5/8/28
2321,18,5/9/28
2322,20.9,5/10/28
2323,23.8,5/11/28
2324,22.8,5/12/28
2325,20.7,5/13/28
2326,22.3,5/14/28
2327,22.1,5/15/28
2328,19.7,5/16/28
2329,20.4,5/17/28
2330,19.9,5/18/28
2331,17.2,5/19/28
2332,22.3,5/20/28
2333,19.1,5/21/28
2334,21,5/22/28
2335,19.2,5/23/28
2336,16.8,5/24/28
2337,21.1,5/25/28
2338,21.1,5/26/28
2339,20.8,5/27/28
2340,22.6,5/28/28
2341,24.6,5/29/28
2342,23.6,5/30/28
2343,23.2,5/31/28
2344,19.1,6/1/28
2345,20.8,6/2/28
2346,23.7,6/3/28
2347,25.7,6/4/28
2348,25.4,6/5/28
2349,25.8,6/6/28
2350,26.5,6/7/28
2351,25.5,6/8/28
2352,25.2,6/9/28
2353,22.8,6/10/28
2354,24.7,6/11/28
2355,24.2,6/12/28
2356,22.2,6/13/28
2357,24.5,6/14/28
2358,22.3,6/15/28
2359,21.1,6/16/28
2360,22.3,6/17/28
2361,25.7,6/18/28
2362,22.5,6/19/28
2363,23.6,6/20/28
2364,24.7,6/21/28
2365,24.1,6/22/28
2366,24.4,6/23/28
2367,23.6,6/24/28
2368,25,6/25/28
2369,24.1,6/26/28
2370,25.3,6/27/28
2371,24,6/28/28
2372,25.4,6/29/28
2373,27.6,6/30/28
2374,28.5,7/1/28
2375,27.7,7/2/28
2376,28.7,7/3/28
2377,24.2,7/4/28
2378,25.3,7/5/28
2379,26.6,7/6/28
2380,27.9,7/7/28
2381,26.6,7/8/28
2382,25.3,7/9/28
2383,26.3,7/10/28
2384,25.8,7/11/28
2385,25.6,7/12/28
2386,27.4,7/13/28
2387,28.1,7/14/28
2388,28.1,7/15/28
2389,30.3,7/16/28
2390,30.6,7/17/28
2391,30.4,7/18/28
2392,30.4,7/19/28
2393,30.3,7/20/28
2394,30.2,7/21/28
2395,29.8,7/22/28
2396,30,7/23/28
2397,28.8,7/24/28
2398,27.7,7/25/28
2399,29.7,7/26/28
2400,29.4,7/27/28
2401,27.6,7/28/28
2402,29.5,7/29/28
2403,30.5,7/30/28
2404,27.6,7/31/28
2405,30.9,8/1/28
2406,31.9,8/2/28
2407,30,8/3/28
2408,30.3,8/4/28
2409,31.1,8/5/28
2410,26.6,8/6/28
2411,26.4,8/7/28
2412,27.5,8/8/28
2413,24.3,8/9/28
2414,24.6,8/10/28
2415,23.8,8/11/28
2416,24.9,8/12/28
2417,25.4,8/13/28
2418,24,8/14/28
2419,25.4,8/15/28
2420,23.1,8/16/28
2421,24.6,8/17/28
2422,26.1,8/18/28
2423,27.1,8/19/28
2424,28.6,8/20/28
2425,28.8,8/21/28
2426,29.4,8/22/28
2427,29.7,8/23/28
2428,29.9,8/24/28
2429,30.2,8/25/28
2430,30,8/26/28
2431,29.6,8/27/28
2432,27.8,8/28/28
2433,28,8/29/28
2434,24.1,8/30/28
2435,22.8,8/31/28
2436,24.2,9/1/28
2437,26.1,9/2/28
2438,24.8,9/3/28
2439,25.4,9/4/28
2440,23.6,9/5/28
2441,24.2,9/6/28
2442,26.8,9/7/28
2443,25.6,9/8/28
2444,24.6,9/9/28
2445,23.8,9/10/28
2446,21.6,9/11/28
2447,23.1,9/12/28
2448,25.3,9/13/28
2449,24.2,9/14/28
2450,25.6,9/15/28
2451,24.7,9/16/28
2452,25.9,9/17/28
2453,25.6,9/18/28
2454,25.9,9/19/28
2455,25.3,9/20/28
2456,23.3,9/21/28
2457,24.5,9/22/28
2458,19.9,9/23/28
2459,23.6,9/24/28
2460,25,9/25/28
2461,25.3,9/26/28
2462,25.4,9/27/28
2463,23.3,9/28/28
2464,23,9/29/28
2465,24.4,9/30/28
2466,24.8,10/1/28
2467,24.6,10/2/28
2468,22.7,10/3/28
2469,25.1,10/4/28
2470,25.2,10/5/28
2471,26.1,10/6/28
2472,25.3,10/7/28
2473,24.8,10/8/28
2474,23.8,10/9/28
2475,22.5,10/10/28
2476,21.2,10/11/28
2477,21.6,10/12/28
2478,21.4,10/13/28
2479,15,10/14/28
2480,16.6,10/15/28
2481,15.7,10/16/28
2482,13.1,10/17/28
2483,13,10/18/28
2484,15.4,10/19/28
2485,12.7,10/20/28
2486,15.2,10/21/28
2487,13.8,10/22/28
2488,15.1,10/23/28
2489,15.4,10/24/28
2490,15.8,10/25/28
2491,14.3,10/26/28
2492,16.7,10/27/28
2493,16.5,10/28/28
2494,18,10/29/28
2495,15.8,10/30/28
2496,15.3,10/31/28
2497,14.8,11/1/28
2498,13.9,11/2/28
2499,15.3,11/3/28
2500,17.9,11/4/28
2501,19.2,11/5/28
2502,13.4,11/6/28
2503,12.2,11/7/28
2504,12,11/8/28
2505,10.6,11/9/28
2506,11.7,11/10/28
2507,11.6,11/11/28
2508,13.3,11/12/28
2509,13.4,11/13/28
2510,12.8,11/14/28
2511,10.69,11/15/28
2512,13.2,11/16/28
2513,13.2,11/17/28
2514,15.3,11/18/28
2515,13.1,11/19/28
2516,8.9,11/20/28
2517,10.4,11/21/28
2518,11.7,11/22/28
2519,11.3,11/23/28
2520,6.3,11/24/28
2521,7.1,11/25/28
2522,8.6,11/26/28
2523,14.2,11/27/28
2524,7.6,11/28/28
2525,6.9,11/29/28
2526,8.8,11/30/28
2527,7.5,12/1/28
2528,6.6,12/2/28
2529,11.5,12/3/28
2530,11.1,12/4/28
2531,9.9,12/5/28
2532,9.9,12/6/28
2533,10.5,12/7/28
2534,10.9,12/8/28
2535,11.6,12/9/28
2536,6.8,12/10/28
2537,6.9,12/11/28
2538,8.2,12/12/28
2539,11.4,12/13/28
2540,6.1,12/14/28
2541,3.3,12/15/28
2542,6.2,12/16/28
2543,6.9,12/17/28
2544,8.7,12/18/28
2545,6.4,12/19/28
2546,6.6,12/20/28
2547,10.2,12/21/28
2548,5.1,12/22/28
2549,0.9,12/23/28
2550,2.7,12/24/28
2551,3.8,12/25/28
2552,6.6,12/26/28
2553,5.6,12/27/28
2554,1.4,12/28/28
2555,2.3,12/29/28
2556,4.8,12/30/28
2557,5.4,12/31/28
2558,4.3,1/1/29
2559,3.8,1/2/29
2560,4.1,1/3/29
2561,4.3,1/4/29
2562,4.4,1/5/29
2563,7.6,1/6/29
2564,7.6,1/7/29
2565,4.3,1/8/29
2566,2.7,1/9/29
2567,2.6,1/10/29
2568,2.4,1/11/29
2569,3.3,1/12/29
2570,5.4,1/13/29
2571,4.9,1/14/29
2572,2.1,1/15/29
2573,2.9,1/16/29
2574,1.9,1/17/29
2575,2.1,1/18/29
2576,2.8,1/19/29
2577,3.8,1/20/29
2578,4.3,1/21/29
2579,4.5,1/22/29
2580,6.8,1/23/29
2581,4.6,1/24/29
2582,4.8,1/25/29
2583,5.7,1/26/29
2584,4.4,1/27/29
2585,4.1,1/28/29
2586,4.8,1/29/29
2587,4.2,1/30/29
2588,4.9,1/31/29
2589,4.8,2/1/29
2590,2.1,2/2/29
2591,2.4,2/3/29
2592,4.6,2/4/29
2593,5.5,2/5/29
2594,5.9,2/6/29
2595,5.8,2/7/29
2596,5.44,2/8/29
2597,7.13,2/9/29
2598,10.6,2/10/29
2599,15.4,2/11/29
2600,10.9,2/12/29
2601,6.8,2/13/29
2602,1.1,2/14/29
2603,2.3,2/15/29
2604,5.9,2/16/29
2605,4.05,2/17/29
2606,8.5,2/18/29
2607,14.9,2/19/29
2608,6.3,2/20/29
2609,4.5,2/21/29
2610,8.8,2/22/29
2611,6.8,2/23/29
2612,5.5,2/24/29
2613,10.5,2/25/29
2614,15.8,2/26/29
2615,6,2/27/29
2616,5.6,2/28/29
2617,12.7,3/1/29
2618,12.4,3/2/29
2619,8.9,3/3/29
2620,8.6,3/4/29
2621,7.1,3/5/29
2622,10.3,3/6/29
2623,8.1,3/7/29
2624,11.3,3/8/29
2625,12.5,3/9/29
2626,9.7,3/10/29
2627,9.6,3/11/29
2628,11.8,3/12/29
2629,12.7,3/13/29
2630,8.5,3/14/29
2631,11.3,3/15/29
2632,12.4,3/16/29
2633,17.3,3/17/29
2634,12.1,3/18/29
2635,7.6,3/19/29
2636,10.1,3/20/29
2637,15.1,3/21/29
2638,11.4,3/22/29
2639,11.7,3/23/29
2640,16.4,3/24/29
2641,15.5,3/25/29
2642,16.6,3/26/29
2643,15.7,3/27/29
2644,14.4,3/28/29
2645,16.5,3/29/29
2646,18.4,3/30/29
2647,17.8,3/31/29
2648,15,4/1/29
2649,10.6,4/2/29
2650,13.1,4/3/29
2651,13.9,4/4/29
2652,13.2,4/5/29
2653,9,4/6/29
2654,10.4,4/7/29
2655,14.8,4/8/29
2656,17.2,4/9/29
2657,17.5,4/10/29
2658,11.3,4/11/29
2659,14.8,4/12/29
2660,14.9,4/13/29
2661,12.4,4/14/29
2662,9.7,4/15/29
2663,13.9,4/16/29
2664,17.2,4/17/29
2665,18.2,4/18/29
2666,18.1,4/19/29
2667,18.8,4/20/29
2668,18.3,4/21/29
2669,14.3,4/22/29
2670,12.1,4/23/29
2671,17.2,4/24/29
2672,16.4,4/25/29
2673,13.6,4/26/29
2674,16.8,4/27/29
2675,17.5,4/28/29
2676,11.9,4/29/29
2677,15.8,4/30/29
2678,19.6,5/1/29
2679,15.1,5/2/29
2680,19.9,5/3/29
2681,16.8,5/4/29
2682,19.9,5/5/29
2683,17.4,5/6/29
2684,18.7,5/7/29
2685,17.7,5/8/29
2686,18,5/9/29
2687,20.9,5/10/29
2688,23.8,5/11/29
2689,22.8,5/12/29
2690,20.7,5/13/29
2691,22.3,5/14/29
2692,22.1,5/15/29
2693,19.7,5/16/29
2694,20.4,5/17/29
2695,19.9,5/18/29
2696,17.2,5/19/29
2697,22.3,5/20/29
2698,19.1,5/21/29
2699,21,5/22/29
2700,19.2,5/23/29
2701,16.8,5/24/29
2702,21.1,5/25/29
2703,21.1,5/26/29
2704,20.8,5/27/29
2705,22.6,5/28/29
2706,24.6,5/29/29
2707,23.6,5/30/29
2708,23.2,5/31/29
2709,19.1,6/1/29
2710,20.8,6/2/29
2711,23.7,6/3/29
2712,25.7,6/4/29
2713,25.4,6/5/29
2714,25.8,6/6/29
2715,26.5,6/7/29
2716,25.5,6/8/29
2717,25.2,6/9/29
2718,22.8,6/10/29
2719,24.7,6/11/29
2720,24.2,6/12/29
2721,22.2,6/13/29
2722,24.5,6/14/29
2723,22.3,6/15/29
2724,21.1,6/16/29
2725,22.3,6/17/29
2726,25.7,6/18/29
2727,22.5,6/19/29
2728,23.6,6/20/29
2729,24.7,6/21/29
2730,24.1,6/22/29
2731,24.4,6/23/29
2732,23.6,6/24/29
2733,25,6/25/29
2734,24.1,6/26/29
2735,25.3,6/27/29
2736,24,6/28/29
2737,25.4,6/29/29
2738,27.6,6/30/29
2739,28.5,7/1/29
2740,27.7,7/2/29
2741,28.7,7/3/29
2742,24.2,7/4/29
2743,25.3,7/5/29
2744,26.6,7/6/29
2745,27.9,7/7/29
2746,26.6,7/8/29
2747,25.3,7/9/29
2748,26.3,7/10/29
2749,25.8,7/11/29
2750,25.6,7/12/29
2751,27.4,7/13/29
2752,28.1,7/14/29
2753,28.1,7/15/29
2754,30.3,7/16/29
2755,30.6,7/17/29
2756,30.4,7/18/29
2757,30.4,7/19/29
2758,30.3,7/20/29
2759,30.2,7/21/29
2760,29.8,7/22/29
2761,30,7/23/29
2762,28.8,7/24/29
2763,27.7,7/25/29
2764,29.7,7/26/29
2765,29.4,7/27/29
2766,27.6,7/28/29
2767,29.5,7/29/29
2768,30.5,7/30/29
2769,27.6,7/31/29
2770,30.9,8/1/29
2771,31.9,8/2/29
2772,30,8/3/29
2773,30.3,8/4/29
2774,31.1,8/5/29
2775,26.6,8/6/29
2776,26.4,8/7/29
2777,27.5,8/8/29
2778,24.3,8/9/29
2779,24.6,8/10/29
2780,23.8,8/11/29
2781,24.9,8/12/29
2782,25.4,8/13/29
2783,24,8/14/29
2784,25.4,8/15/29
2785,23.1,8/16/29
2786,24.6,8/17/29
2787,26.1,8/18/29
2788,27.1,8/19/29
2789,28.6,8/20/29
2790,28.8,8/21/29
2791,29.4,8/22/29
2792,29.7,8/23/29
2793,29.9,8/24/29
2794,30.2,8/25/29
2795,30,8/26/29
2796,29.6,8/27/29
2797,27.8,8/28/29
2798,28,8/29/29
2799,24.1,8/30/29
2800,22.8,8/31/29
2801,24.2,9/1/29
2802,26.1,9/2/29
2803,24.8,9/3/29
2804,25.4,9/4/29
2805,23.6,9/5/29
2806,24.2,9/6/29
2807,26.8,9/7/29
2808,25.6,9/8/29
2809,24.6,9/9/29
2810,23.8,9/10/29
2811,21.6,9/11/29
2812,23.1,9/12/29
2813,25.3,9/13/29
2814,24.2,9/14/29
2815,25.6,9/15/29
2816,24.7,9/16/29
2817,25.9,9/17/29
2818,25.6,9/18/29
2819,25.9,9/19/29
2820,25.3,9/20/29
2821,23.3,9/21/29
2822,24.5,9/22/29
2823,19.9,9/23/29
2824,23.6,9/24/29
2825,25,9/25/29
2826,25.3,9/26/29
2827,25.4,9/27/29
2828,23.3,9/28/29
2829,23,9/29/29
2830,24.4,9/30/29
2831,24.8,10/1/29
2832,24.6,10/2/29
2833,22.7,10/3/29
2834,25.1,10/4/29
2835,25.2,10/5/29
2836,26.1,10/6/29
2837,25.3,10/7/29
2838,24.8,10/8/29
2839,23.8,10/9/29
2840,22.5,10/10/29
2841,21.2,10/11/29
2842,21.6,10/12/29
2843,21.4,10/13/29
2844,15,10/14/29
2845,16.6,10/15/29
2846,15.7,10/16/29
2847,13.1,10/17/29
2848,13,10/18/29
2849,15.4,10/19/29
2850,12.7,10/20/29
2851,15.2,10/21/29
2852,13.8,10/22/29
2853,15.1,10/23/29
2854,15.4,10/24/29
2855,15.8,10/25/29
2856,14.3,10/26/29
2857,16.7,10/27/29
2858,16.5,10/28/29
2859,18,10/29/29
2860,15.8,10/30/29
2861,15.3,10/31/29
2862,14.8,11/1/29
2863,13.9,11/2/29
2864,15.3,11/3/29
2865,17.9,11/4/29
2866,19.2,11/5/29
2867,13.4,11/6/29
2868,12.2,11/7/29
2869,12,11/8/29
2870,10.6,11/9/29
2871,11.7,11/10/29
2872,11.6,11/11/29
2873,13.3,11/12/29
2874,13.4,11/13/29
2875,12.8,11/14/29
2876,10.69,11/15/29
2877,13.2,11/16/29
2878,13.2,11/17/29
2879,15.3,11/18/29
2880,13.1,11/19/29
2881,8.9,11/20/29
2882,10.4,11/21/29
2883,11.7,11/22/29
2884,11.3,11/23/29
2885,6.3,11/24/29
2886,7.1,11/25/29
2887,8.6,11/26/29
2888,14.2,11/27/29
2889,7.6,11/28/29
2890,6.9,11/29/29
2891,8.8,11/30/29
2892,7.5,12/1/29
2893,6.6,12/2/29
2894,11.5,12/3/29
2895,11.1,12/4/29
2896,9.9,12/5/29
2897,9.9,12/6/29
2898,10.5,12/7/29
2899,10.9,12/8/29
2900,11.6,12/9/29
2901,6.8,12/10/29
2902,6.9,12/11/29
2903,8.2,12/12/29
2904,11.4,12/13/29
2905,6.1,12/14/29
2906,3.3,12/15/29
2907,6.2,12/16/29
2908,6.9,12/17/29
2909,8.7,12/18/29
2910,6.4,12/19/29
2911,6.6,12/20/29
2912,10.2,12/21/29
2913,5.1,12/22/29
2914,0.9,12/23/29
2915,2.7,12/24/29
2916,3.8,12/25/29
2917,6.6,12/26/29
2918,5.6,12/27/29
2919,1.4,12/28/29
2920,2.3,12/29/29
2921,4.8,12/30/29
2922,5.4,12/31/29
2923,4.3,1/1/30
2924,3.8,1/2/30
2925,4.1,1/3/30
2926,4.3,1/4/30
2927,4.4,1/5/30
2928,7.6,1/6/30
2929,7.6,1/7/30
2930,4.3,1/8/30
2931,2.7,1/9/30
2932,2.6,1/10/30
2933,2.4,1/11/30
2934,3.3,1/12/30
2935,5.4,1/13/30
2936,4.9,1/14/30
2937,2.1,1/15/30
2938,2.9,1/16/30
2939,1.9,1/17/30
2940,2.1,1/18/30
2941,2.8,1/19/30
2942,3.8,1/20/30
2943,4.3,1/21/30
2944,4.5,1/22/30
2945,6.8,1/23/30
2946,4.6,1/24/30
2947,4.8,1/25/30
2948,5.7,1/26/30
2949,4.4,1/27/30
2950,4.1,1/28/30
2951,4.8,1/29/30
2952,4.2,1/30/30
2953,4.9,1/31/30
2954,4.8,2/1/30
2955,2.1,2/2/30
2956,2.4,2/3/30
2957,4.6,2/4/30
2958,5.5,2/5/30
2959,5.9,2/6/30
2960,5.8,2/7/30
2961,5.44,2/8/30
2962,7.13,2/9/30
2963,10.6,2/10/30
2964,15.4,2/11/30
2965,10.9,2/12/30
2966,6.8,2/13/30
2967,1.1,2/14/30
2968,2.3,2/15/30
2969,5.9,2/16/30
2970,4.05,2/17/30
2971,8.5,2/18/30
2972,14.9,2/19/30
2973,6.3,2/20/30
2974,4.5,2/21/30
2975,8.8,2/22/30
2976,6.8,2/23/30
2977,5.5,2/24/30
2978,10.5,2/25/30
2979,15.8,2/26/30
2980,6,2/27/30
2981,5.6,2/28/30
2982,12.7,3/1/30
2983,12.4,3/2/30
2984,8.9,3/3/30
2985,8.6,3/4/30
2986,7.1,3/5/30
2987,10.3,3/6/30
2988,8.1,3/7/30
2989,11.3,3/8/30
2990,12.5,3/9/30
2991,9.7,3/10/30
2992,9.6,3/11/30
2993,11.8,3/12/30
2994,12.7,3/13/30
2995,8.5,3/14/30
2996,11.3,3/15/30
2997,12.4,3/16/30
2998,17.3,3/17/30
2999,12.1,3/18/30
3000,7.6,3/19/30
3001,10.1,3/20/30
3002,15.1,3/21/30
3003,11.4,3/22/30
3004,11.7,3/23/30
3005,16.4,3/24/30
3006,15.5,3/25/30
3007,16.6,3/26/30
3008,15.7,3/27/30
3009,14.4,3/28/30
3010,16.5,3/29/30
3011,18.4,3/30/30
3012,17.8,3/31/30
3013,15,4/1/30
3014,10.6,4/2/30
3015,13.1,4/3/30
3016,13.9,4/4/30
3017,13.2,4/5/30
3018,9,4/6/30
3019,10.4,4/7/30
3020,14.8,4/8/30
3021,17.2,4/9/30
3022,17.5,4/10/30
3023,11.3,4/11/30
3024,14.8,4/12/30
3025,14.9,4/13/30
3026,12.4,4/14/30
3027,9.7,4/15/30
3028,13.9,4/16/30
3029,17.2,4/17/30
3030,18.2,4/18/30
3031,18.1,4/19/30
3032,18.8,4/20/30
3033,18.3,4/21/30
3034,14.3,4/22/30
3035,12.1,4/23/30
3036,17.2,4/24/30
3037,16.4,4/25/30
3038,13.6,4/26/30
3039,16.8,4/27/30
3040,17.5,4/28/30
3041,11.9,4/29/30
3042,15.8,4/30/30
3043,19.6,5/1/30
3044,15.1,5/2/30
3045,19.9,5/3/30
3046,16.8,5/4/30
3047,19.9,5/5/30
3048,17.4,5/6/30
3049,18.7,5/7/30
3050,17.7,5/8/30
3051,18,5/9/30
3052,20.9,5/10/30
3053,23.8,5/11/30
3054,22.8,5/12/30
3055,20.7,5/13/30
3056,22.3,5/14/30
3057,22.1,5/15/30
3058,19.7,5/16/30
3059,20.4,5/17/30
3060,19.9,5/18/30
3061,17.2,5/19/30
3062,22.3,5/20/30
3063,19.1,5/21/30
3064,21,5/22/30
3065,19.2,5/23/30
3066,16.8,5/24/30
3067,21.1,5/25/30
3068,21.1,5/26/30
3069,20.8,5/27/30
3070,22.6,5/28/30
3071,24.6,5/29/30
3072,23.6,5/30/30
3073,23.2,5/31/30
3074,19.1,6/1/30
3075,20.8,6/2/30
3076,23.7,6/3/30
3077,25.7,6/4/30
3078,25.4,6/5/30
3079,25.8,6/6/30
3080,26.5,6/7/30
3081,25.5,6/8/30
3082,25.2,6/9/30
3083,22.8,6/10/30
3084,24.7,6/11/30
3085,24.2,6/12/30
3086,22.2,6/13/30
3087,24.5,6/14/30
3088,22.3,6/15/30
3089,21.1,6/16/30
3090,22.3,6/17/30
3091,25.7,6/18/30
3092,22.5,6/19/30
3093,23.6,6/20/30
3094,24.7,6/21/30
3095,24.1,6/22/30
3096,24.4,6/23/30
3097,23.6,6/24/30
3098,25,6/25/30
3099,24.1,6/26/30
3100,25.3,6/27/30
3101,24,6/28/30
3102,25.4,6/29/30
3103,27.6,6/30/30
3104,28.5,7/1/30
3105,27.7,7/2/30
3106,28.7,7/3/30
3107,24.2,7/4/30
3108,25.3,7/5/30
3109,26.6,7/6/30
3110,27.9,7/7/30
3111,26.6,7/8/30
3112,25.3,7/9/30
3113,26.3,7/10/30
3114,25.8,7/11/30
3115,25.6,7/12/30
3116,27.4,7/13/30
3117,28.1,7/14/30
3118,28.1,7/15/30
3119,30.3,7/16/30
3120,30.6,7/17/30
3121,30.4,7/18/30
3122,30.4,7/19/30
3123,30.3,7/20/30
3124,30.2,7/21/30
3125,29.8,7/22/30
3126,30,7/23/30
3127,28.8,7/24/30
3128,27.7,7/25/30
3129,29.7,7/26/30
3130,29.4,7/27/30
3131,27.6,7/28/30
3132,29.5,7/29/30
3133,30.5,7/30/30
3134,27.6,7/31/30
3135,30.9,8/1/30
3136,31.9,8/2/30
3137,30,8/3/30
3138,30.3,8/4/30
3139,31.1,8/5/30
3140,26.6,8/6/30
3141,26.4,8/7/30
3142,27.5,8/8/30
3143,24.3,8/9/30
3144,24.6,8/10/30
3145,23.8,8/11/30
3146,24.9,8/12/30
3147,25.4,8/13/30
3148,24,8/14/30
3149,25.4,8/15/30
3150,23.1,8/16/30
3151,24.6,8/17/30
3152,26.1,8/18/30
3153,27.1,8/19/30
3154,28.6,8/20/30
3155,28.8,8/21/30
3156,29.4,8/22/30
3157,29.7,8/23/30
3158,29.9,8/24/30
3159,30.2,8/25/30
3160,30,8/26/30
3161,29.6,8/27/30
3162,27.8,8/28/30
3163,28,8/29/30
3164,24.1,8/30/30
3165,22.8,8/31/30
3166,24.2,9/1/30
3167,26.1,9/2/30
3168,24.8,9/3/30
3169,25.4,9/4/30
3170,23.6,9/5/30
3171,24.2,9/6/30
3172,26.8,9/7/30
3173,25.6,9/8/30
3174,24.6,9/9/30
3175,23.8,9/10/30
3176,21.6,9/11/30
3177,23.1,9/12/30
3178,25.3,9/13/30
3179,24.2,9/14/30
3180,25.6,9/15/30
3181,24.7,9/16/30
3182,25.9,9/17/30
3183,25.6,9/18/30
3184,25.9,9/19/30
3185,25.3,9/20/30
3186,23.3,9/21/30
3187,24.5,9/22/30
3188,19.9,9/23/30
3189,23.6,9/24/30
3190,25,9/25/30
3191,25.3,9/26/30
3192,25.4,9/27/30
3193,23.3,9/28/30
3194,23,9/29/30
3195,24.4,9/30/30
3196,24.8,10/1/30
3197,24.6,10/2/30
3198,22.7,10/3/30
3199,25.1,10/4/30
3200,25.2,10/5/30
3201,26.1,10/6/30
3202,25.3,10/7/30
3203,24.8,10/8/30
3204,23.8,10/9/30
3205,22.5,10/10/30
3206,21.2,10/11/30
3207,21.6,10/12/30
3208,21.4,10/13/30
3209,15,10/14/30
3210,16.6,10/15/30
3211,15.7,10/16/30
3212,13.1,10/17/30
3213,13,10/18/30
3214,15.4,10/19/30
3215,12.7,10/20/30
3216,15.2,10/21/30
3217,13.8,10/22/30
3218,15.1,10/23/30
3219,15.4,10/24/30
3220,15.8,10/25/30
3221,14.3,10/26/30
3222,16.7,10/27/30
3223,16.5,10/28/30
3224,18,10/29/30
3225,15.8,10/30/30
3226,15.3,10/31/30
3227,14.8,11/1/30
3228,13.9,11/2/30
3229,15.3,11/3/30
3230,17.9,11/4/30
3231,19.2,11/5/30
3232,13.4,11/6/30
3233,12.2,11/7/30
3234,12,11/8/30
3235,10.6,11/9/30
3236,11.7,11/10/30
3237,11.6,11/11/30
3238,13.3,11/12/30
3239,13.4,11/13/30
3240,12.8,11/14/30
3241,10.69,11/15/30
3242,13.2,11/16/30
3243,13.2,11/17/30
3244,15.3,11/18/30
3245,13.1,11/19/30
3246,8.9,11/20/30
3247,10.4,11/21/30
3248,11.7,11/22/30
3249,11.3,11/23/30
3250,6.3,11/24/30
3251,7.1,11/25/30
3252,8.6,11/26/30
3253,14.2,11/27/30
3254,7.6,11/28/30
3255,6.9,11/29/30
3256,8.8,11/30/30
3257,7.5,12/1/30
3258,6.6,12/2/30
3259,11.5,12/3/30
3260,11.1,12/4/30
3261,9.9,12/5/30
3262,9.9,12/6/30
3263,10.5,12/7/30
3264,10.9,12/8/30
3265,11.6,12/9/30
3266,6.8,12/10/30
3267,6.9,12/11/30
3268,8.2,12/12/30
3269,11.4,12/13/30
3270,6.1,12/14/30
3271,3.3,12/15/30
3272,6.2,12/16/30
3273,6.9,12/17/30
3274,8.7,12/18/30
3275,6.4,12/19/30
3276,6.6,12/20/30
3277,10.2,12/21/30
3278,5.1,12/22/30
3279,0.9,12/23/30
3280,2.7,12/24/30
3281,3.8,12/25/30
3282,6.6,12/26/30
3283,5.6,12/27/30
3284,1.4,12/28/30
3285,2.3,12/29/30
3286,4.8,12/30/30
3287,5.4,12/31/30
3288,4.3,1/1/31
3289,3.8,1/2/31
3290,4.1,1/3/31
3291,4.3,1/4/31
3292,4.4,1/5/31
3293,7.6,1/6/31
3294,7.6,1/7/31
3295,4.3,1/8/31
3296,2.7,1/9/31
3297,2.6,1/10/31
3298,2.4,1/11/31
3299,3.3,1/12/31
3300,5.4,1/13/31
3301,4.9,1/14/31
3302,2.1,1/15/31
3303,2.9,1/16/31
3304,1.9,1/17/31
3305,2.1,1/18/31
3306,2.8,1/19/31
3307,3.8,1/20/31
3308,4.3,1/21/31
3309,4.5,1/22/31
3310,6.8,1/23/31
3311,4.6,1/24/31
3312,4.8,1/25/31
3313,5.7,1/26/31
3314,4.4,1/27/31
3315,4.1,1/28/31
3316,4.8,1/29/31
3317,4.2,1/30/31
3318,4.9,1/31/31
3319,4.8,2/1/31
3320,2.1,2/2/31
3321,2.4,2/3/31
3322,4.6,2/4/31
3323,5.5,2/5/31
3324,5.9,2/6/31
3325,5.8,2/7/31
3326,5.44,2/8/31
3327,7.13,2/9/31
3328,10.6,2/10/31
3329,15.4,2/11/31
3330,10.9,2/12/31
3331,6.8,2/13/31
3332,1.1,2/14/31
3333,2.3,2/15/31
3334,5.9,2/16/31
3335,4.05,2/17/31
3336,8.5,2/18/31
3337,14.9,2/19/31
3338,6.3,2/20/31
3339,4.5,2/21/31
3340,8.8,2/22/31
3341,6.8,2/23/31
3342,5.5,2/24/31
3343,10.5,2/25/31
3344,15.8,2/26/31
3345,6,2/27/31
3346,5.6,2/28/31
3347,12.7,3/1/31
3348,12.4,3/2/31
3349,8.9,3/3/31
3350,8.6,3/4/31
3351,7.1,3/5/31
3352,10.3,3/6/31
3353,8.1,3/7/31
3354,11.3,3/8/31
3355,12.5,3/9/31
3356,9.7,3/10/31
3357,9.6,3/11/31
3358,11.8,3/12/31
3359,12.7,3/13/31
3360,8.5,3/14/31
3361,11.3,3/15/31
3362,12.4,3/16/31
3363,17.3,3/17/31
3364,12.1,3/18/31
3365,7.6,3/19/31
3366,10.1,3/20/31
3367,15.1,3/21/31
3368,11.4,3/22/31
3369,11.7,3/23/31
3370,16.4,3/24/31
3371,15.5,3/25/31
3372,16.6,3/26/31
3373,15.7,3/27/31
3374,14.4,3/28/31
3375,16.5,3/29/31
3376,18.4,3/30/31
3377,17.8,3/31/31
3378,15,4/1/31
3379,10.6,4/2/31
3380,13.1,4/3/31
3381,13.9,4/4/31
3382,13.2,4/5/31
3383,9,4/6/31
3384,10.4,4/7/31
3385,14.8,4/8/31
3386,17.2,4/9/31
3387,17.5,4/10/31
3388,11.3,4/11/31
3389,14.8,4/12/31
3390,14.9,4/13/31
3391,12.4,4/14/31
3392,9.7,4/15/31
3393,13.9,4/16/31
3394,17.2,4/17/31
3395,18.2,4/18/31
3396,18.1,4/19/31
3397,18.8,4/20/31
3398,18.3,4/21/31
3399,14.3,4/22/31
3400,12.1,4/23/31
3401,17.2,4/24/31
3402,16.4,4/25/31
3403,13.6,4/26/31
3404,16.8,4/27/31
3405,17.5,4/28/31
3406,11.9,4/29/31
3407,15.8,4/30/31
3408,19.6,5/1/31
3409,15.1,5/2/31
3410,19.9,5/3/31
3411,16.8,5/4/31
3412,19.9,5/5/31
3413,17.4,5/6/31
3414,18.7,5/7/31
3415,17.7,5/8/31
3416,18,5/9/31
3417,20.9,5/10/31
3418,23.8,5/11/31
3419,22.8,5/12/31
3420,20.7,5/13/31
3421,22.3,5/14/31
3422,22.1,5/15/31
3423,19.7,5/16/31
3424,20.4,5/17/31
3425,19.9,5/18/31
3426,17.2,5/19/31
3427,22.3,5/20/31
3428,19.1,5/21/31
3429,21,5/22/31
3430,19.2,5/23/31
3431,16.8,5/24/31
3432,21.1,5/25/31
3433,21.1,5/26/31
3434,20.8,5/27/31
3435,22.6,5/28/31
3436,24.6,5/29/31
3437,23.6,5/30/31
3438,23.2,5/31/31
3439,19.1,6/1/31
3440,20.8,6/2/31
3441,23.7,6/3/31
3442,25.7,6/4/31
3443,25.4,6/5/31
3444,25.8,6/6/31
3445,26.5,6/7/31
3446,25.5,6/8/31
3447,25.2,6/9/31
3448,22.8,6/10/31
3449,24.7,6/11/31
3450,24.2,6/12/31
3451,22.2,6/13/31
3452,24.5,6/14/31
3453,22.3,6/15/31
3454,21.1,6/16/31
3455,22.3,6/17/31
3456,25.7,6/18/31
3457,22.5,6/19/31
3458,23.6,6/20/31
3459,24.7,6/21/31
3460,24.1,6/22/31
3461,24.4,6/23/31
3462,23.6,6/24/31
3463,25,6/25/31
3464,24.1,6/26/31
3465,25.3,6/27/31
3466,24,6/28/31
3467,25.4,6/29/31
3468,27.6,6/30/31
3469,28.5,7/1/31
3470,27.7,7/2/31
3471,28.7,7/3/31
3472,24.2,7/4/31
3473,25.3,7/5/31
3474,26.6,7/6/31
3475,27.9,7/7/31
3476,26.6,7/8/31
3477,25.3,7/9/31
3478,26.3,7/10/31
3479,25.8,7/11/31
3480,25.6,7/12/31
3481,27.4,7/13/31
3482,28.1,7/14/31
3483,28.1,7/15/31
3484,30.3,7/16/31
3485,30.6,7/17/31
3486,30.4,7/18/31
3487,30.4,7/19/31
3488,30.3,7/20/31
3489,30.2,7/21/31
3490,29.8,7/22/31
3491,30,7/23/31
3492,28.8,7/24/31
3493,27.7,7/25/31
3494,29.7,7/26/31
3495,29.4,7/27/31
3496,27.6,7/28/31
3497,29.5,7/29/31
3498,30.5,7/30/31
3499,27.6,7/31/31
3500,30.9,8/1/31
3501,31.9,8/2/31
3502,30,8/3/31
3503,30.3,8/4/31
3504,31.1,8/5/31
3505,26.6,8/6/31
3506,26.4,8/7/31
3507,27.5,8/8/31
3508,24.3,8/9/31
3509,24.6,8/10/31
3510,23.8,8/11/31
3511,24.9,8/12/31
3512,25.4,8/13/31
3513,24,8/14/31
3514,25.4,8/15/31
3515,23.1,8/16/31
3516,24.6,8/17/31
3517,26.1,8/18/31
3518,27.1,8/19/31
3519,28.6,8/20/31
3520,28.8,8/21/31
3521,29.4,8/22/31
3522,29.7,8/23/31
3523,29.9,8/24/31
3524,30.2,8/25/31
3525,30,8/26/31
3526,29.6,8/27/31
3527,27.8,8/28/31
3528,28,8/29/31
3529,24.1,8/30/31
3530,22.8,8/31/31
3531,24.2,9/1/31
3532,26.1,9/2/31
3533,24.8,9/3/31
3534,25.4,9/4/31
3535,23.6,9/5/31
3536,24.2,9/6/31
3537,26.8,9/7/31
3538,25.6,9/8/31
3539,24.6,9/9/31
3540,23.8,9/10/31
3541,21.6,9/11/31
3542,23.1,9/12/31
3543,25.3,9/13/31
3544,24.2,9/14/31
3545,25.6,9/15/31
3546,24.7,9/16/31
3547,25.9,9/17/31
3548,25.6,9/18/31
3549,25.9,9/19/31
3550,25.3,9/20/31
3551,23.3,9/21/31
3552,24.5,9/22/31
3553,19.9,9/23/31
3554,23.6,9/24/31
3555,25,9/25/31
3556,25.3,9/26/31
3557,25.4,9/27/31
3558,23.3,9/28/31
3559,23,9/29/31
3560,24.4,9/30/31
3561,24.8,10/1/31
3562,24.6,10/2/31
3563,22.7,10/3/31
3564,25.1,10/4/31
3565,25.2,10/5/31
3566,26.1,10/6/31
3567,25.3,10/7/31
3568,24.8,10/8/31
3569,23.8,10/9/31
3570,22.5,10/10/31
3571,21.2,10/11/31
3572,21.6,10/12/31
3573,21.4,10/13/31
3574,15,10/14/31
3575,16.6,10/15/31
3576,15.7,10/16/31
3577,13.1,10/17/31
3578,13,10/18/31
3579,15.4,10/19/31
3580,12.7,10/20/31
3581,15.2,10/21/31
3582,13.8,10/22/31
3583,15.1,10/23/31
3584,15.4,10/24/31
3585,15.8,10/25/31
3586,14.3,10/26/31
3587,16.7,10/27/31
3588,16.5,10/28/31
3589,18,10/29/31
3590,15.8,10/30/31
3591,15.3,10/31/31
3592,14.8,11/1/31
3593,13.9,11/2/31
3594,15.3,11/3/31
3595,17.9,11/4/31
3596,19.2,11/5/31
3597,13.4,11/6/31
3598,12.2,11/7/31
3599,12,11/8/31
3600,10.6,11/9/31
3601,11.7,11/10/31
3602,11.6,11/11/31
3603,13.3,11/12/31
3604,13.4,11/13/31
3605,12.8,11/14/31
3606,10.69,11/15/31
3607,13.2,11/16/31
3608,13.2,11/17/31
3609,15.3,11/18/31
3610,13.1,11/19/31
3611,8.9,11/20/31
3612,10.4,11/21/31
3613,11.7,11/22/31
3614,11.3,11/23/31
3615,6.3,11/24/31
3616,7.1,11/25/31
3617,8.6,11/26/31
3618,14.2,11/27/31
3619,7.6,11/28/31
3620,6.9,11/29/31
3621,8.8,11/30/31
3622,7.5,12/1/31
3623,6.6,12/2/31
3624,11.5,12/3/31
3625,11.1,12/4/31
3626,9.9,12/5/31
3627,9.9,12/6/31
3628,10.5,12/7/31
3629,10.9,12/8/31
3630,11.6,12/9/31
3631,6.8,12/10/31
3632,6.9,12/11/31
3633,8.2,12/12/31
3634,11.4,12/13/31
3635,6.1,12/14/31
3636,3.3,12/15/31
3637,6.2,12/16/31
3638,6.9,12/17/31
3639,8.7,12/18/31
3640,6.4,12/19/31
3641,6.6,12/20/31
3642,10.2,12/21/31
3643,5.1,12/22/31
3644,0.9,12/23/31
3645,2.7,12/24/31
3646,3.8,12/25/31
3647,6.6,12/26/31
3648,5.6,12/27/31
3649,1.4,12/28/31
3650,2.3,12/29/31
3651,4.8,12/30/31
3652,5.4,12/31/31
3653,4.3,1/1/32
3654,3.8,1/2/32
3655,4.1,1/3/32
3656,4.3,1/4/32
3657,4.4,1/5/32
3658,7.6,1/6/32
3659,7.6,1/7/32
3660,4.3,1/8/32
3661,2.7,1/9/32
3662,2.6,1/10/32
3663,2.4,1/11/32
3664,3.3,1/12/32
3665,5.4,1/13/32
3666,4.9,1/14/32
3667,2.1,1/15/32
3668,2.9,1/16/32
3669,1.9,1/17/32
3670,2.1,1/18/32
3671,2.8,1/19/32
3672,3.8,1/20/32
3673,4.3,1/21/32
3674,4.5,1/22/32
3675,6.8,1/23/32
3676,4.6,1/24/32
3677,4.8,1/25/32
3678,5.7,1/26/32
3679,4.4,1/27/32
3680,4.1,1/28/32
3681,4.8,1/29/32
3682,4.2,1/30/32
3683,4.9,1/31/32
3684,4.8,2/1/32
3685,2.1,2/2/32
3686,2.4,2/3/32
3687,4.6,2/4/32
3688,5.5,2/5/32
3689,5.9,2/6/32
3690,5.8,2/7/32
3691,5.44,2/8/32
3692,7.13,2/9/32
3693,10.6,2/10/32
3694,15.4,2/11/32
3695,10.9,2/12/32
3696,6.8,2/13/32
3697,1.1,2/14/32
3698,2.3,2/15/32
3699,5.9,2/16/32
3700,4.05,2/17/32
3701,8.5,2/18/32
3702,14.9,2/19/32
3703,6.3,2/20/32
3704,4.5,2/21/32
3705,8.8,2/22/32
3706,6.8,2/23/32
3707,5.5,2/24/32
3708,10.5,2/25/32
3709,15.8,2/26/32
3710,6,2/27/32
3711,5.6,2/28/32
3712,12.7,2/29/32
3713,12.4,3/1/32
3714,8.9,3/2/32
3715,8.6,3/3/32
3716,7.1,3/4/32
3717,10.3,3/5/32
3718,8.1,3/6/32
3719,11.3,3/7/32
3720,12.5,3/8/32
3721,9.7,3/9/32
3722,9.6,3/10/32
3723,11.8,3/11/32
3724,12.7,3/12/32
3725,8.5,3/13/32
3726,11.3,3/14/32
3727,12.4,3/15/32
3728,17.3,3/16/32
3729,12.1,3/17/32
3730,7.6,3/18/32
3731,10.1,3/19/32
3732,15.1,3/20/32
3733,11.4,3/21/32
3734,11.7,3/22/32
3735,16.4,3/23/32
3736,15.5,3/24/32
3737,16.6,3/25/32
3738,15.7,3/26/32
3739,14.4,3/27/32
3740,16.5,3/28/32
,18.4,3/29/32
,17.8,3/30/32
,15,3/31/32
,10.6,4/1/32
,13.1,4/2/32
,13.9,4/3/32
,13.2,4/4/32
,9,4/5/32
,10.4,4/6/32
,14.8,4/7/32
,17.2,4/8/32
,17.5,4/9/32
,11.3,4/10/32
,14.8,4/11/32
,14.9,4/12/32
,12.4,4/13/32
,9.7,4/14/32
,13.9,4/15/32
,17.2,4/16/32
,18.2,4/17/32
,18.1,4/18/32
,18.8,4/19/32
,18.3,4/20/32
,14.3,4/21/32
,12.1,4/22/32
,17.2,4/23/32
,16.4,4/24/32
,13.6,4/25/32
,16.8,4/26/32
,17.5,4/27/32
,11.9,4/28/32
,15.8,4/29/32
,19.6,4/30/32
,15.1,5/1/32
,19.9,5/2/32
,16.8,5/3/32
,19.9,5/4/32
,17.4,5/5/32
,18.7,5/6/32
,17.7,5/8/32