"","temp","date"
"1",26.7,2021-07-31
"2",19.7,2021-08-01
"3",16.8,2021-08-02
"4",15.2,2021-08-03
"5",18.7,2021-08-04
"6",20.8,2021-08-05
"7",23.8,2021-08-06
"8",25.2,2021-08-07
"9",25.8,2021-08-08
"10",25.8,2021-08-09
"11",26.2,2021-08-10
"12",26,2021-08-11
"13",24.8,2021-08-12
"14",20.8,2021-08-13
"15",22.6,2021-08-14
"16",22.9,2021-08-15
"17",20.1,2021-08-16
"18",19.3,2021-08-17
"19",21.1,2021-08-18
"20",26.3,2021-08-19
"21",26.6,2021-08-20
"22",21.6,2021-08-21
"23",19.9,2021-08-22
"24",18.9,2021-08-23
"25",19.9,2021-08-24
"26",22.9,2021-08-25
"27",19.2,2021-08-26
"28",16.8,2021-08-27
"29",14.5,2021-08-28
"30",13.3,2021-08-29
"31",14.6,2021-08-30
"32",15.2,2021-08-31
"33",15.9,2021-09-01
"34",16.8,2021-09-02
"35",20.4,2021-09-03
"36",20.8,2021-09-04
"37",16.2,2021-09-05
"38",15.9,2021-09-06
"39",16.4,2021-09-07
"40",18.6,2021-09-08
"41",18.8,2021-09-09
"42",18.8,2021-09-10
"43",20.1,2021-09-11
"44",19.6,2021-09-12
"45",21.3,2021-09-13
"46",22.6,2021-09-14
"47",21.6,2021-09-15
"48",19.4,2021-09-16
"49",19.3,2021-09-17
"50",18.5,2021-09-18
"51",18.4,2021-09-19
"52",18,2021-09-20
"53",18.5,2021-09-21
"54",17.7,2021-09-22
"55",17.3,2021-09-23
"56",10.8,2021-09-24
"57",8.7,2021-09-25
"58",10,2021-09-26
"59",10.5,2021-09-27
"60",11.6,2021-09-28
"61",12.8,2021-09-29
"62",12.4,2021-09-30
"63",12.3,2021-10-01
"64",10.7,2021-10-02
"65",13.6,2021-10-03
"66",10.8,2021-10-04
"67",13.1,2021-10-05
"68",12,2021-10-06
"69",13.7,2021-10-07
"70",14.2,2021-10-08
"71",10.7,2021-10-09
"72",7.1,2021-10-10
"73",6.7,2021-10-11
"74",7.4,2021-10-12
"75",7.4,2021-10-13
"76",7.2,2021-10-14
"77",9,2021-10-15
"78",8.1,2021-10-16
"79",8.3,2021-10-17
"80",8.3,2021-10-18
"81",10.3,2021-10-19
"82",12.8,2021-10-20
"83",13.5,2021-10-21
"84",13.2,2021-10-22
"85",12.4,2021-10-23
"86",11.8,2021-10-24
"87",7.9,2021-10-25
"88",8.2,2021-10-26
"89",11.6,2021-10-27
"90",12.5,2021-10-28
"91",12.7,2021-10-29
"92",9.3,2021-10-30
"93",10.7,2021-10-31
"94",15.8,2021-11-01
"95",11.2,2021-11-02
"96",7.8,2021-11-03
"97",7.7,2021-11-04
"98",7.7,2021-11-05
"99",8.6,2021-11-06
"100",8.6,2021-11-07
"101",9.8,2021-11-08
"102",8.5,2021-11-09
"103",8.1,2021-11-10
"104",9.4,2021-11-11
"105",9.9,2021-11-12
"106",10,2021-11-13
"107",12.3,2021-11-14
"108",10.5,2021-11-15
"109",7.8,2021-11-16
"110",5.1,2021-11-17
"111",7.3,2021-11-18
"112",5.1,2021-11-19
"113",1.5,2021-11-20
"114",1.7,2021-11-21
"115",3.4,2021-11-22
"116",3.6,2021-11-23
"117",3.2,2021-11-24
"118",2.7,2021-11-25
"119",2.2,2021-11-26
"120",1.6,2021-11-27
"121",1.8,2021-11-28
"122",0.4,2021-11-29
"123",1.1,2021-11-30
"124",1.8,2021-12-01
"125",2.2,2021-12-02
"126",3.1,2021-12-03
"127",2.5,2021-12-04
"128",2.9,2021-12-05
"129",2.9,2021-12-06
"130",2.4,2021-12-07
"131",1.3,2021-12-08
"132",0.7,2021-12-09
"133",1.2,2021-12-10
"134",4.9,2021-12-11
"135",6,2021-12-12
"136",4.7,2021-12-13
"137",5.4,2021-12-14
"138",6.8,2021-12-15
"139",6.3,2021-12-16
"140",6.4,2021-12-17
"141",4.3,2021-12-18
"142",5.4,2021-12-19
"143",6.3,2021-12-20
"144",12.9,2021-12-21
"145",10.7,2021-12-22
"146",7.9,2021-12-23
"147",2.2,2021-12-24
"148",0.1,2021-12-25
"149",1.5,2021-12-26
"150",4.7,2021-12-27
"151",4.5,2021-12-28
"152",2.6,2021-12-29
"153",1.8,2021-12-30
"154",2.2,2021-12-31
"155",1.4,2022-01-01
"156",0.2,2022-01-02
"157",0.7,2022-01-03
"158",0.2,2022-01-04
"159",0.2,2022-01-05
"160",1.3,2022-01-06
"161",0,2022-01-07
"162",-2,2022-01-08
"163",-1.4,2022-01-09
"164",-2.7,2022-01-10
"165",2.1,2022-01-11
"166",4.5,2022-01-12
"167",2.2,2022-01-13
"168",-0.8,2022-01-14
"169",-3.3,2022-01-15
"170",0.6,2022-01-16
"171",1.7,2022-01-17
"172",0.4,2022-01-18
"173",2.8,2022-01-19
"174",8.32150331678458,2022-01-20
"175",8.3,2022-01-21
"176",3.4,2022-01-22
"177",1.7,2022-01-23
"178",1.4,2022-01-24
"179",1.7,2022-01-25
"180",0.1,2022-01-26
"181",7.8,2022-01-27
"182",9.6,2022-01-28
"183",7,2022-01-29
"184",5.1,2022-01-30
"185",7.6,2022-01-31
"186",10.6,2022-02-01
"187",10.7,2022-02-02
"188",7.8,2022-02-03
"189",8.6,2022-02-04
"190",7.3,2022-02-05
"191",5.9,2022-02-06
"192",1.3,2022-02-07
"193",0,2022-02-08
"194",-4.6,2022-02-09
"195",-5.14782227876012,2022-02-10
"196",-7.18180175652371,2022-02-11
"197",-3.9,2022-02-12
"198",-4.4,2022-02-13
"199",-0.1,2022-02-14
"200",5.5,2022-02-15
"201",7.9,2022-02-16
"202",6.4,2022-02-17
"203",8.8,2022-02-18
"204",12.1,2022-02-19
"205",9.3,2022-02-20
"206",9.7,2022-02-21
"207",10.8,2022-02-22
"208",11.9,2022-02-23
"209",11.3,2022-02-24
"210",9.3,2022-02-25
"211",6.9,2022-02-26
"212",3.8,2022-02-27
"213",5.7,2022-02-28
"214",8.5,2022-03-01
"215",8.1,2022-03-02
"216",8.7,2022-03-03
"217",5,2022-03-04
"218",3.8,2022-03-05
"219",5.6,2022-03-06
"220",3.5,2022-03-07
"221",3.2,2022-03-08
"222",5.7,2022-03-09
"223",11,2022-03-10
"224",8.9,2022-03-11
"225",8,2022-03-12
"226",4,2022-03-13
"227",5.1,2022-03-14
"228",4.2,2022-03-15
"229",3.2,2022-03-16
"230",2.1,2022-03-17
"231",1.8,2022-03-18
"232",1.4,2022-03-19
"233",2.4,2022-03-20
"234",3.6,2022-03-21
"235",5.7,2022-03-22
"236",7.9,2022-03-23
"237",10.1,2022-03-24
"238",10.9,2022-03-25
"239",8.6,2022-03-26
"240",9.2,2022-03-27
"241",12.1,2022-03-28
"242",13.9,2022-03-29
"243",15.7,2022-03-30
"244",16.8,2022-03-31
"245",11.7,2022-04-01
"246",6.5,2022-04-02
"247",7.2,2022-04-03
"248",7,2022-04-04
"249",1.6,2022-04-05
"250",2.2,2022-04-06
"251",5.7,2022-04-07
"252",9.7,2022-04-08
"253",12.6,2022-04-09
"254",12.1,2022-04-10
"255",4,2022-04-11
"256",3.4,2022-04-12
"257",4.1,2022-04-13
"258",3.8,2022-04-14
"259",4.4,2022-04-15
"260",5.7,2022-04-16
"261",7.1,2022-04-17
"262",7.4,2022-04-18
"263",10.2,2022-04-19
"264",11.6,2022-04-20
"265",11,2022-04-21
"266",10.3,2022-04-22
"267",12.6,2022-04-23
"268",12.1,2022-04-24
"269",11.6,2022-04-25
"270",11.1,2022-04-26
"271",13.3,2022-04-27
"272",12.3,2022-04-28
"273",6.9,2022-04-29
"274",6.9,2022-04-30
"275",8.1,2022-05-01
"276",9.6,2022-05-02
"277",12.4,2022-05-03
"278",9.6,2022-05-04
"279",9.3,2022-05-05
"280",9.1,2022-05-06
"281",12.8,2022-05-07
"282",20.4,2022-05-08
"283",14.9,2022-05-09
"284",11.6,2022-05-10
"285",11.9,2022-05-11
"286",11.1,2022-05-12
"287",10.4,2022-05-13
"288",10.1,2022-05-14
"289",10.9,2022-05-15
"290",10.9,2022-05-16
"291",11.4,2022-05-17
"292",10.3,2022-05-18
"293",12.1,2022-05-19
"294",10.9,2022-05-20
"295",12.8,2022-05-21
"296",12.4,2022-05-22
"297",12.4,2022-05-23
"298",11.9,2022-05-24
"299",12.8,2022-05-25
"300",12,2022-05-26
"301",14.2,2022-05-27
"302",15.4,2022-05-28
"303",15.6,2022-05-29
"304",16.6,2022-05-30
"305",16.9,2022-05-31
"306",19.4,2022-06-01
"307",20.4,2022-06-02
"308",20.2,2022-06-03
"309",16.7,2022-06-04
"310",16.1,2022-06-05
"311",16.6,2022-06-06
"312",17.8,2022-06-07
"313",18.3,2022-06-08
"314",19.6,2022-06-09
"315",20.7,2022-06-10
"316",21.7,2022-06-11
"317",20.4,2022-06-12
"318",20.7,2022-06-13
"319",22.6,2022-06-14
"320",24.4,2022-06-15
"321",25.6,2022-06-16
"322",24.9,2022-06-17
"323",25.7,2022-06-18
"324",22.2,2022-06-19
"325",19.4,2022-06-20
"326",17.9,2022-06-21
"327",18.7,2022-06-22
"328",16.9,2022-06-23
"329",17.8,2022-06-24
"330",19.1,2022-06-25
"331",21.2,2022-06-26
"332",20.3,2022-06-27
"333",17.7,2022-06-28
"334",15.1,2022-06-29
"335",16.9,2022-06-30
"336",18.6,2022-07-01
"337",18.3,2022-07-02
"338",17.7,2022-07-03
"339",19.1,2022-07-04
"340",17.4,2022-07-05
"341",18.2,2022-07-06
"342",17.3,2022-07-07
"343",18.9,2022-07-08
"344",18.7,2022-07-09
"345",18.4,2022-07-10
"346",19.4,2022-07-11
"347",14.9,2022-07-12
"348",16,2022-07-13
"349",16.6,2022-07-14
"350",17.7,2022-07-15
"351",19.4,2022-07-16
"352",21,2022-07-17
"353",21.3,2022-07-18
"354",19.9,2022-07-19
"355",20.4,2022-07-20
"356",20.9,2022-07-21
"357",22.2,2022-07-22
"358",20.7,2022-07-23
"359",18.7,2022-07-24
"360",19,2022-07-25
"361",19.9,2022-07-26
"362",19.5,2022-07-27
"363",20.4,2022-07-28
"364",19.4,2022-07-29
"365",18.8,2022-07-30
"366",26.7,2022-07-31
"367",19.7,2022-08-01
"368",16.8,2022-08-02
"369",15.2,2022-08-03
"370",18.7,2022-08-04
"371",20.8,2022-08-05
"372",23.8,2022-08-06
"373",25.2,2022-08-07
"374",25.8,2022-08-08
"375",25.8,2022-08-09
"376",26.2,2022-08-10
"377",26,2022-08-11
"378",24.8,2022-08-12
"379",20.8,2022-08-13
"380",22.6,2022-08-14
"381",22.9,2022-08-15
"382",20.1,2022-08-16
"383",19.3,2022-08-17
"384",21.1,2022-08-18
"385",26.3,2022-08-19
"386",26.6,2022-08-20
"387",21.6,2022-08-21
"388",19.9,2022-08-22
"389",18.9,2022-08-23
"390",19.9,2022-08-24
"391",22.9,2022-08-25
"392",19.2,2022-08-26
"393",16.8,2022-08-27
"394",14.5,2022-08-28
"395",13.3,2022-08-29
"396",14.6,2022-08-30
"397",15.2,2022-08-31
"398",15.9,2022-09-01
"399",16.8,2022-09-02
"400",20.4,2022-09-03
"401",20.8,2022-09-04
"402",16.2,2022-09-05
"403",15.9,2022-09-06
"404",16.4,2022-09-07
"405",18.6,2022-09-08
"406",18.8,2022-09-09
"407",18.8,2022-09-10
"408",20.1,2022-09-11
"409",19.6,2022-09-12
"410",21.3,2022-09-13
"411",22.6,2022-09-14
"412",21.6,2022-09-15
"413",19.4,2022-09-16
"414",19.3,2022-09-17
"415",18.5,2022-09-18
"416",18.4,2022-09-19
"417",18,2022-09-20
"418",18.5,2022-09-21
"419",17.7,2022-09-22
"420",17.3,2022-09-23
"421",10.8,2022-09-24
"422",8.7,2022-09-25
"423",10,2022-09-26
"424",10.5,2022-09-27
"425",11.6,2022-09-28
"426",12.8,2022-09-29
"427",12.4,2022-09-30
"428",12.3,2022-10-01
"429",10.7,2022-10-02
"430",13.6,2022-10-03
"431",10.8,2022-10-04
"432",13.1,2022-10-05
"433",12,2022-10-06
"434",13.7,2022-10-07
"435",14.2,2022-10-08
"436",10.7,2022-10-09
"437",7.1,2022-10-10
"438",6.7,2022-10-11
"439",7.4,2022-10-12
"440",7.4,2022-10-13
"441",7.2,2022-10-14
"442",9,2022-10-15
"443",8.1,2022-10-16
"444",8.3,2022-10-17
"445",8.3,2022-10-18
"446",10.3,2022-10-19
"447",12.8,2022-10-20
"448",13.5,2022-10-21
"449",13.2,2022-10-22
"450",12.4,2022-10-23
"451",11.8,2022-10-24
"452",7.9,2022-10-25
"453",8.2,2022-10-26
"454",11.6,2022-10-27
"455",12.5,2022-10-28
"456",12.7,2022-10-29
"457",9.3,2022-10-30
"458",10.7,2022-10-31
"459",15.8,2022-11-01
"460",11.2,2022-11-02
"461",7.8,2022-11-03
"462",7.7,2022-11-04
"463",7.7,2022-11-05
"464",8.6,2022-11-06
"465",8.6,2022-11-07
"466",9.8,2022-11-08
"467",8.5,2022-11-09
"468",8.1,2022-11-10
"469",9.4,2022-11-11
"470",9.9,2022-11-12
"471",10,2022-11-13
"472",12.3,2022-11-14
"473",10.5,2022-11-15
"474",7.8,2022-11-16
"475",5.1,2022-11-17
"476",7.3,2022-11-18
"477",5.1,2022-11-19
"478",1.5,2022-11-20
"479",1.7,2022-11-21
"480",3.4,2022-11-22
"481",3.6,2022-11-23
"482",3.2,2022-11-24
"483",2.7,2022-11-25
"484",2.2,2022-11-26
"485",1.6,2022-11-27
"486",1.8,2022-11-28
"487",0.4,2022-11-29
"488",1.1,2022-11-30
"489",1.8,2022-12-01
"490",2.2,2022-12-02
"491",3.1,2022-12-03
"492",2.5,2022-12-04
"493",2.9,2022-12-05
"494",2.9,2022-12-06
"495",2.4,2022-12-07
"496",1.3,2022-12-08
"497",0.7,2022-12-09
"498",1.2,2022-12-10
"499",4.9,2022-12-11
"500",6,2022-12-12
"501",4.7,2022-12-13
"502",5.4,2022-12-14
"503",6.8,2022-12-15
"504",6.3,2022-12-16
"505",6.4,2022-12-17
"506",4.3,2022-12-18
"507",5.4,2022-12-19
"508",6.3,2022-12-20
"509",12.9,2022-12-21
"510",10.7,2022-12-22
"511",7.9,2022-12-23
"512",2.2,2022-12-24
"513",0.1,2022-12-25
"514",1.5,2022-12-26
"515",4.7,2022-12-27
"516",4.5,2022-12-28
"517",2.6,2022-12-29
"518",1.8,2022-12-30
"519",2.2,2022-12-31
"520",1.4,2023-01-01
"521",0.2,2023-01-02
"522",0.7,2023-01-03
"523",0.2,2023-01-04
"524",0.2,2023-01-05
"525",1.3,2023-01-06
"526",0,2023-01-07
"527",-2,2023-01-08
"528",-1.4,2023-01-09
"529",-2.7,2023-01-10
"530",2.1,2023-01-11
"531",4.5,2023-01-12
"532",2.2,2023-01-13
"533",-0.8,2023-01-14
"534",-3.3,2023-01-15
"535",0.6,2023-01-16
"536",1.7,2023-01-17
"537",0.4,2023-01-18
"538",2.8,2023-01-19
"539",8.32150331678458,2023-01-20
"540",8.3,2023-01-21
"541",3.4,2023-01-22
"542",1.7,2023-01-23
"543",1.4,2023-01-24
"544",1.7,2023-01-25
"545",0.1,2023-01-26
"546",7.8,2023-01-27
"547",9.6,2023-01-28
"548",7,2023-01-29
"549",5.1,2023-01-30
"550",7.6,2023-01-31
"551",10.6,2023-02-01
"552",10.7,2023-02-02
"553",7.8,2023-02-03
"554",8.6,2023-02-04
"555",7.3,2023-02-05
"556",5.9,2023-02-06
"557",1.3,2023-02-07
"558",0,2023-02-08
"559",-4.6,2023-02-09
"560",-5.14782227876012,2023-02-10
"561",-7.18180175652371,2023-02-11
"562",-3.9,2023-02-12
"563",-4.4,2023-02-13
"564",-0.1,2023-02-14
"565",5.5,2023-02-15
"566",7.9,2023-02-16
"567",6.4,2023-02-17
"568",8.8,2023-02-18
"569",12.1,2023-02-19
"570",9.3,2023-02-20
"571",9.7,2023-02-21
"572",10.8,2023-02-22
"573",11.9,2023-02-23
"574",11.3,2023-02-24
"575",9.3,2023-02-25
"576",6.9,2023-02-26
"577",3.8,2023-02-27
"578",5.7,2023-02-28
"579",8.5,2023-03-01
"580",8.1,2023-03-02
"581",8.7,2023-03-03
"582",5,2023-03-04
"583",3.8,2023-03-05
"584",5.6,2023-03-06
"585",3.5,2023-03-07
"586",3.2,2023-03-08
"587",5.7,2023-03-09
"588",11,2023-03-10
"589",8.9,2023-03-11
"590",8,2023-03-12
"591",4,2023-03-13
"592",5.1,2023-03-14
"593",4.2,2023-03-15
"594",3.2,2023-03-16
"595",2.1,2023-03-17
"596",1.8,2023-03-18
"597",1.4,2023-03-19
"598",2.4,2023-03-20
"599",3.6,2023-03-21
"600",5.7,2023-03-22
"601",7.9,2023-03-23
"602",10.1,2023-03-24
"603",10.9,2023-03-25
"604",8.6,2023-03-26
"605",9.2,2023-03-27
"606",12.1,2023-03-28
"607",13.9,2023-03-29
"608",15.7,2023-03-30
"609",16.8,2023-03-31
"610",11.7,2023-04-01
"611",6.5,2023-04-02
"612",7.2,2023-04-03
"613",7,2023-04-04
"614",1.6,2023-04-05
"615",2.2,2023-04-06
"616",5.7,2023-04-07
"617",9.7,2023-04-08
"618",12.6,2023-04-09
"619",12.1,2023-04-10
"620",4,2023-04-11
"621",3.4,2023-04-12
"622",4.1,2023-04-13
"623",3.8,2023-04-14
"624",4.4,2023-04-15
"625",5.7,2023-04-16
"626",7.1,2023-04-17
"627",7.4,2023-04-18
"628",10.2,2023-04-19
"629",11.6,2023-04-20
"630",11,2023-04-21
"631",10.3,2023-04-22
"632",12.6,2023-04-23
"633",12.1,2023-04-24
"634",11.6,2023-04-25
"635",11.1,2023-04-26
"636",13.3,2023-04-27
"637",12.3,2023-04-28
"638",6.9,2023-04-29
"639",6.9,2023-04-30
"640",8.1,2023-05-01
"641",9.6,2023-05-02
"642",12.4,2023-05-03
"643",9.6,2023-05-04
"644",9.3,2023-05-05
"645",9.1,2023-05-06
"646",12.8,2023-05-07
"647",20.4,2023-05-08
"648",14.9,2023-05-09
"649",11.6,2023-05-10
"650",11.9,2023-05-11
"651",11.1,2023-05-12
"652",10.4,2023-05-13
"653",10.1,2023-05-14
"654",10.9,2023-05-15
"655",10.9,2023-05-16
"656",11.4,2023-05-17
"657",10.3,2023-05-18
"658",12.1,2023-05-19
"659",10.9,2023-05-20
"660",12.8,2023-05-21
"661",12.4,2023-05-22
"662",12.4,2023-05-23
"663",11.9,2023-05-24
"664",12.8,2023-05-25
"665",12,2023-05-26
"666",14.2,2023-05-27
"667",15.4,2023-05-28
"668",15.6,2023-05-29
"669",16.6,2023-05-30
"670",16.9,2023-05-31
"671",19.4,2023-06-01
"672",20.4,2023-06-02
"673",20.2,2023-06-03
"674",16.7,2023-06-04
"675",16.1,2023-06-05
"676",16.6,2023-06-06
"677",17.8,2023-06-07
"678",18.3,2023-06-08
"679",19.6,2023-06-09
"680",20.7,2023-06-10
"681",21.7,2023-06-11
"682",20.4,2023-06-12
"683",20.7,2023-06-13
"684",22.6,2023-06-14
"685",24.4,2023-06-15
"686",25.6,2023-06-16
"687",24.9,2023-06-17
"688",25.7,2023-06-18
"689",22.2,2023-06-19
"690",19.4,2023-06-20
"691",17.9,2023-06-21
"692",18.7,2023-06-22
"693",16.9,2023-06-23
"694",17.8,2023-06-24
"695",19.1,2023-06-25
"696",21.2,2023-06-26
"697",20.3,2023-06-27
"698",17.7,2023-06-28
"699",15.1,2023-06-29
"700",16.9,2023-06-30
"701",18.6,2023-07-01
"702",18.3,2023-07-02
"703",17.7,2023-07-03
"704",19.1,2023-07-04
"705",17.4,2023-07-05
"706",18.2,2023-07-06
"707",17.3,2023-07-07
"708",18.9,2023-07-08
"709",18.7,2023-07-09
"710",18.4,2023-07-10
"711",19.4,2023-07-11
"712",14.9,2023-07-12
"713",16,2023-07-13
"714",16.6,2023-07-14
"715",17.7,2023-07-15
"716",19.4,2023-07-16
"717",21,2023-07-17
"718",21.3,2023-07-18
"719",19.9,2023-07-19
"720",20.4,2023-07-20
"721",20.9,2023-07-21
"722",22.2,2023-07-22
"723",20.7,2023-07-23
"724",18.7,2023-07-24
"725",19,2023-07-25
"726",19.9,2023-07-26
"727",19.5,2023-07-27
"728",20.4,2023-07-28
"729",19.4,2023-07-29
"730",18.8,2023-07-30
"731",26.7,2023-07-31
"732",19.7,2023-08-01
"733",16.8,2023-08-02
"734",15.2,2023-08-03
"735",18.7,2023-08-04
"736",20.8,2023-08-05
"737",23.8,2023-08-06
"738",25.2,2023-08-07
"739",25.8,2023-08-08
"740",25.8,2023-08-09
"741",26.2,2023-08-10
"742",26,2023-08-11
"743",24.8,2023-08-12
"744",20.8,2023-08-13
"745",22.6,2023-08-14
"746",22.9,2023-08-15
"747",20.1,2023-08-16
"748",19.3,2023-08-17
"749",21.1,2023-08-18
"750",26.3,2023-08-19
"751",26.6,2023-08-20
"752",21.6,2023-08-21
"753",19.9,2023-08-22
"754",18.9,2023-08-23
"755",19.9,2023-08-24
"756",22.9,2023-08-25
"757",19.2,2023-08-26
"758",16.8,2023-08-27
"759",14.5,2023-08-28
"760",13.3,2023-08-29
"761",14.6,2023-08-30
"762",15.2,2023-08-31
"763",15.9,2023-09-01
"764",16.8,2023-09-02
"765",20.4,2023-09-03
"766",20.8,2023-09-04
"767",16.2,2023-09-05
"768",15.9,2023-09-06
"769",16.4,2023-09-07
"770",18.6,2023-09-08
"771",18.8,2023-09-09
"772",18.8,2023-09-10
"773",20.1,2023-09-11
"774",19.6,2023-09-12
"775",21.3,2023-09-13
"776",22.6,2023-09-14
"777",21.6,2023-09-15
"778",19.4,2023-09-16
"779",19.3,2023-09-17
"780",18.5,2023-09-18
"781",18.4,2023-09-19
"782",18,2023-09-20
"783",18.5,2023-09-21
"784",17.7,2023-09-22
"785",17.3,2023-09-23
"786",10.8,2023-09-24
"787",8.7,2023-09-25
"788",10,2023-09-26
"789",10.5,2023-09-27
"790",11.6,2023-09-28
"791",12.8,2023-09-29
"792",12.4,2023-09-30
"793",12.3,2023-10-01
"794",10.7,2023-10-02
"795",13.6,2023-10-03
"796",10.8,2023-10-04
"797",13.1,2023-10-05
"798",12,2023-10-06
"799",13.7,2023-10-07
"800",14.2,2023-10-08
"801",10.7,2023-10-09
"802",7.1,2023-10-10
"803",6.7,2023-10-11
"804",7.4,2023-10-12
"805",7.4,2023-10-13
"806",7.2,2023-10-14
"807",9,2023-10-15
"808",8.1,2023-10-16
"809",8.3,2023-10-17
"810",8.3,2023-10-18
"811",10.3,2023-10-19
"812",12.8,2023-10-20
"813",13.5,2023-10-21
"814",13.2,2023-10-22
"815",12.4,2023-10-23
"816",11.8,2023-10-24
"817",7.9,2023-10-25
"818",8.2,2023-10-26
"819",11.6,2023-10-27
"820",12.5,2023-10-28
"821",12.7,2023-10-29
"822",9.3,2023-10-30
"823",10.7,2023-10-31
"824",15.8,2023-11-01
"825",11.2,2023-11-02
"826",7.8,2023-11-03
"827",7.7,2023-11-04
"828",7.7,2023-11-05
"829",8.6,2023-11-06
"830",8.6,2023-11-07
"831",9.8,2023-11-08
"832",8.5,2023-11-09
"833",8.1,2023-11-10
"834",9.4,2023-11-11
"835",9.9,2023-11-12
"836",10,2023-11-13
"837",12.3,2023-11-14
"838",10.5,2023-11-15
"839",7.8,2023-11-16
"840",5.1,2023-11-17
"841",7.3,2023-11-18
"842",5.1,2023-11-19
"843",1.5,2023-11-20
"844",1.7,2023-11-21
"845",3.4,2023-11-22
"846",3.6,2023-11-23
"847",3.2,2023-11-24
"848",2.7,2023-11-25
"849",2.2,2023-11-26
"850",1.6,2023-11-27
"851",1.8,2023-11-28
"852",0.4,2023-11-29
"853",1.1,2023-11-30
"854",1.8,2023-12-01
"855",2.2,2023-12-02
"856",3.1,2023-12-03
"857",2.5,2023-12-04
"858",2.9,2023-12-05
"859",2.9,2023-12-06
"860",2.4,2023-12-07
"861",1.3,2023-12-08
"862",0.7,2023-12-09
"863",1.2,2023-12-10
"864",4.9,2023-12-11
"865",6,2023-12-12
"866",4.7,2023-12-13
"867",5.4,2023-12-14
"868",6.8,2023-12-15
"869",6.3,2023-12-16
"870",6.4,2023-12-17
"871",4.3,2023-12-18
"872",5.4,2023-12-19
"873",6.3,2023-12-20
"874",12.9,2023-12-21
"875",10.7,2023-12-22
"876",7.9,2023-12-23
"877",2.2,2023-12-24
"878",0.1,2023-12-25
"879",1.5,2023-12-26
"880",4.7,2023-12-27
"881",4.5,2023-12-28
"882",2.6,2023-12-29
"883",1.8,2023-12-30
"884",2.2,2023-12-31
"885",1.4,2024-01-01
"886",0.2,2024-01-02
"887",0.7,2024-01-03
"888",0.2,2024-01-04
"889",0.2,2024-01-05
"890",1.3,2024-01-06
"891",0,2024-01-07
"892",-2,2024-01-08
"893",-1.4,2024-01-09
"894",-2.7,2024-01-10
"895",2.1,2024-01-11
"896",4.5,2024-01-12
"897",2.2,2024-01-13
"898",-0.8,2024-01-14
"899",-3.3,2024-01-15
"900",0.6,2024-01-16
"901",1.7,2024-01-17
"902",0.4,2024-01-18
"903",2.8,2024-01-19
"904",8.32150331678458,2024-01-20
"905",8.3,2024-01-21
"906",3.4,2024-01-22
"907",1.7,2024-01-23
"908",1.4,2024-01-24
"909",1.7,2024-01-25
"910",0.1,2024-01-26
"911",7.8,2024-01-27
"912",9.6,2024-01-28
"913",7,2024-01-29
"914",5.1,2024-01-30
"915",7.6,2024-01-31
"916",10.6,2024-02-01
"917",10.7,2024-02-02
"918",7.8,2024-02-03
"919",8.6,2024-02-04
"920",7.3,2024-02-05
"921",5.9,2024-02-06
"922",1.3,2024-02-07
"923",0,2024-02-08
"924",-4.6,2024-02-09
"925",-5.14782227876012,2024-02-10
"926",-7.18180175652371,2024-02-11
"927",-3.9,2024-02-12
"928",-4.4,2024-02-13
"929",-0.1,2024-02-14
"930",5.5,2024-02-15
"931",7.9,2024-02-16
"932",6.4,2024-02-17
"933",8.8,2024-02-18
"934",12.1,2024-02-19
"935",9.3,2024-02-20
"936",9.7,2024-02-21
"937",10.8,2024-02-22
"938",11.9,2024-02-23
"939",11.3,2024-02-24
"940",9.3,2024-02-25
"941",6.9,2024-02-26
"942",3.8,2024-02-27
"943",5.7,2024-02-28
"944",8.5,2024-02-29
"945",8.1,2024-03-01
"946",8.7,2024-03-02
"947",5,2024-03-03
"948",3.8,2024-03-04
"949",5.6,2024-03-05
"950",3.5,2024-03-06
"951",3.2,2024-03-07
"952",5.7,2024-03-08
"953",11,2024-03-09
"954",8.9,2024-03-10
"955",8,2024-03-11
"956",4,2024-03-12
"957",5.1,2024-03-13
"958",4.2,2024-03-14
"959",3.2,2024-03-15
"960",2.1,2024-03-16
"961",1.8,2024-03-17
"962",1.4,2024-03-18
"963",2.4,2024-03-19
"964",3.6,2024-03-20
"965",5.7,2024-03-21
"966",7.9,2024-03-22
"967",10.1,2024-03-23
"968",10.9,2024-03-24
"969",8.6,2024-03-25
"970",9.2,2024-03-26
"971",12.1,2024-03-27
"972",13.9,2024-03-28
"973",15.7,2024-03-29
"974",16.8,2024-03-30
"975",11.7,2024-03-31
"976",6.5,2024-04-01
"977",7.2,2024-04-02
"978",7,2024-04-03
"979",1.6,2024-04-04
"980",2.2,2024-04-05
"981",5.7,2024-04-06
"982",9.7,2024-04-07
"983",12.6,2024-04-08
"984",12.1,2024-04-09
"985",4,2024-04-10
"986",3.4,2024-04-11
"987",4.1,2024-04-12
"988",3.8,2024-04-13
"989",4.4,2024-04-14
"990",5.7,2024-04-15
"991",7.1,2024-04-16
"992",7.4,2024-04-17
"993",10.2,2024-04-18
"994",11.6,2024-04-19
"995",11,2024-04-20
"996",10.3,2024-04-21
"997",12.6,2024-04-22
"998",12.1,2024-04-23
"999",11.6,2024-04-24
"1000",11.1,2024-04-25
"1001",13.3,2024-04-26
"1002",12.3,2024-04-27
"1003",6.9,2024-04-28
"1004",6.9,2024-04-29
"1005",8.1,2024-04-30
"1006",9.6,2024-05-01
"1007",12.4,2024-05-02
"1008",9.6,2024-05-03
"1009",9.3,2024-05-04
"1010",9.1,2024-05-05
"1011",12.8,2024-05-06
"1012",20.4,2024-05-07
"1013",14.9,2024-05-08
"1014",11.6,2024-05-09
"1015",11.9,2024-05-10
"1016",11.1,2024-05-11
"1017",10.4,2024-05-12
"1018",10.1,2024-05-13
"1019",10.9,2024-05-14
"1020",10.9,2024-05-15
"1021",11.4,2024-05-16
"1022",10.3,2024-05-17
"1023",12.1,2024-05-18
"1024",10.9,2024-05-19
"1025",12.8,2024-05-20
"1026",12.4,2024-05-21
"1027",12.4,2024-05-22
"1028",11.9,2024-05-23
"1029",12.8,2024-05-24
"1030",12,2024-05-25
"1031",14.2,2024-05-26
"1032",15.4,2024-05-27
"1033",15.6,2024-05-28
"1034",16.6,2024-05-29
"1035",16.9,2024-05-30
"1036",19.4,2024-05-31
"1037",20.4,2024-06-01
"1038",20.2,2024-06-02
"1039",16.7,2024-06-03
"1040",16.1,2024-06-04
"1041",16.6,2024-06-05
"1042",17.8,2024-06-06
"1043",18.3,2024-06-07
"1044",19.6,2024-06-08
"1045",20.7,2024-06-09
"1046",21.7,2024-06-10
"1047",20.4,2024-06-11
"1048",20.7,2024-06-12
"1049",22.6,2024-06-13
"1050",24.4,2024-06-14
"1051",25.6,2024-06-15
"1052",24.9,2024-06-16
"1053",25.7,2024-06-17
"1054",22.2,2024-06-18
"1055",19.4,2024-06-19
"1056",17.9,2024-06-20
"1057",18.7,2024-06-21
"1058",16.9,2024-06-22
"1059",17.8,2024-06-23
"1060",19.1,2024-06-24
"1061",21.2,2024-06-25
"1062",20.3,2024-06-26
"1063",17.7,2024-06-27
"1064",15.1,2024-06-28
"1065",16.9,2024-06-29
"1066",18.6,2024-06-30
"1067",18.3,2024-07-01
"1068",17.7,2024-07-02
"1069",19.1,2024-07-03
"1070",17.4,2024-07-04
"1071",18.2,2024-07-05
"1072",17.3,2024-07-06
"1073",18.9,2024-07-07
"1074",18.7,2024-07-08
"1075",18.4,2024-07-09
"1076",19.4,2024-07-10
"1077",14.9,2024-07-11
"1078",16,2024-07-12
"1079",16.6,2024-07-13
"1080",17.7,2024-07-14
"1081",19.4,2024-07-15
"1082",21,2024-07-16
"1083",21.3,2024-07-17
"1084",19.9,2024-07-18
"1085",20.4,2024-07-19
"1086",20.9,2024-07-20
"1087",22.2,2024-07-21
"1088",20.7,2024-07-22
"1089",18.7,2024-07-23
"1090",19,2024-07-24
"1091",19.9,2024-07-25
"1092",19.5,2024-07-26
"1093",20.4,2024-07-27
"1094",19.4,2024-07-28
"1095",18.8,2024-07-29
"1096",26.7,2024-07-30
"1097",19.7,2024-07-31
"1098",16.8,2024-08-01
"1099",15.2,2024-08-02
"1100",18.7,2024-08-03
"1101",20.8,2024-08-04
"1102",23.8,2024-08-05
"1103",25.2,2024-08-06
"1104",25.8,2024-08-07
"1105",25.8,2024-08-08
"1106",26.2,2024-08-09
"1107",26,2024-08-10
"1108",24.8,2024-08-11
"1109",20.8,2024-08-12
"1110",22.6,2024-08-13
"1111",22.9,2024-08-14
"1112",20.1,2024-08-15
"1113",19.3,2024-08-16
"1114",21.1,2024-08-17
"1115",26.3,2024-08-18
"1116",26.6,2024-08-19
"1117",21.6,2024-08-20
"1118",19.9,2024-08-21
"1119",18.9,2024-08-22
"1120",19.9,2024-08-23
"1121",22.9,2024-08-24
"1122",19.2,2024-08-25
"1123",16.8,2024-08-26
"1124",14.5,2024-08-27
"1125",13.3,2024-08-28
"1126",14.6,2024-08-29
"1127",15.2,2024-08-30
"1128",15.9,2024-08-31
"1129",16.8,2024-09-01
"1130",20.4,2024-09-02
"1131",20.8,2024-09-03
"1132",16.2,2024-09-04
"1133",15.9,2024-09-05
"1134",16.4,2024-09-06
"1135",18.6,2024-09-07
"1136",18.8,2024-09-08
"1137",18.8,2024-09-09
"1138",20.1,2024-09-10
"1139",19.6,2024-09-11
"1140",21.3,2024-09-12
"1141",22.6,2024-09-13
"1142",21.6,2024-09-14
"1143",19.4,2024-09-15
"1144",19.3,2024-09-16
"1145",18.5,2024-09-17
"1146",18.4,2024-09-18
"1147",18,2024-09-19
"1148",18.5,2024-09-20
"1149",17.7,2024-09-21
"1150",17.3,2024-09-22
"1151",10.8,2024-09-23
"1152",8.7,2024-09-24
"1153",10,2024-09-25
"1154",10.5,2024-09-26
"1155",11.6,2024-09-27
"1156",12.8,2024-09-28
"1157",12.4,2024-09-29
"1158",12.3,2024-09-30
"1159",10.7,2024-10-01
"1160",13.6,2024-10-02
"1161",10.8,2024-10-03
"1162",13.1,2024-10-04
"1163",12,2024-10-05
"1164",13.7,2024-10-06
"1165",14.2,2024-10-07
"1166",10.7,2024-10-08
"1167",7.1,2024-10-09
"1168",6.7,2024-10-10
"1169",7.4,2024-10-11
"1170",7.4,2024-10-12
"1171",7.2,2024-10-13
"1172",9,2024-10-14
"1173",8.1,2024-10-15
"1174",8.3,2024-10-16
"1175",8.3,2024-10-17
"1176",10.3,2024-10-18
"1177",12.8,2024-10-19
"1178",13.5,2024-10-20
"1179",13.2,2024-10-21
"1180",12.4,2024-10-22
"1181",11.8,2024-10-23
"1182",7.9,2024-10-24
"1183",8.2,2024-10-25
"1184",11.6,2024-10-26
"1185",12.5,2024-10-27
"1186",12.7,2024-10-28
"1187",9.3,2024-10-29
"1188",10.7,2024-10-30
"1189",15.8,2024-10-31
"1190",11.2,2024-11-01
"1191",7.8,2024-11-02
"1192",7.7,2024-11-03
"1193",7.7,2024-11-04
"1194",8.6,2024-11-05
"1195",8.6,2024-11-06
"1196",9.8,2024-11-07
"1197",8.5,2024-11-08
"1198",8.1,2024-11-09
"1199",9.4,2024-11-10
"1200",9.9,2024-11-11
"1201",10,2024-11-12
"1202",12.3,2024-11-13
"1203",10.5,2024-11-14
"1204",7.8,2024-11-15
"1205",5.1,2024-11-16
"1206",7.3,2024-11-17
"1207",5.1,2024-11-18
"1208",1.5,2024-11-19
"1209",1.7,2024-11-20
"1210",3.4,2024-11-21
"1211",3.6,2024-11-22
"1212",3.2,2024-11-23
"1213",2.7,2024-11-24
"1214",2.2,2024-11-25
"1215",1.6,2024-11-26
"1216",1.8,2024-11-27
"1217",0.4,2024-11-28
"1218",1.1,2024-11-29
"1219",1.8,2024-11-30
"1220",2.2,2024-12-01
"1221",3.1,2024-12-02
"1222",2.5,2024-12-03
"1223",2.9,2024-12-04
"1224",2.9,2024-12-05
"1225",2.4,2024-12-06
"1226",1.3,2024-12-07
"1227",0.7,2024-12-08
"1228",1.2,2024-12-09
"1229",4.9,2024-12-10
"1230",6,2024-12-11
"1231",4.7,2024-12-12
"1232",5.4,2024-12-13
"1233",6.8,2024-12-14
"1234",6.3,2024-12-15
"1235",6.4,2024-12-16
"1236",4.3,2024-12-17
"1237",5.4,2024-12-18
"1238",6.3,2024-12-19
"1239",12.9,2024-12-20
"1240",10.7,2024-12-21
"1241",7.9,2024-12-22
"1242",2.2,2024-12-23
"1243",0.1,2024-12-24
"1244",1.5,2024-12-25
"1245",4.7,2024-12-26
"1246",4.5,2024-12-27
"1247",2.6,2024-12-28
"1248",1.8,2024-12-29
"1249",2.2,2024-12-30
"1250",1.4,2024-12-31
"1251",0.2,2025-01-01
"1252",0.7,2025-01-02
"1253",0.2,2025-01-03
"1254",0.2,2025-01-04
"1255",1.3,2025-01-05
"1256",0,2025-01-06
"1257",-2,2025-01-07
"1258",-1.4,2025-01-08
"1259",-2.7,2025-01-09
"1260",2.1,2025-01-10
"1261",4.5,2025-01-11
"1262",2.2,2025-01-12
"1263",-0.8,2025-01-13
"1264",-3.3,2025-01-14
"1265",0.6,2025-01-15
"1266",1.7,2025-01-16
"1267",0.4,2025-01-17
"1268",2.8,2025-01-18
"1269",8.32150331678458,2025-01-19
"1270",8.3,2025-01-20
"1271",3.4,2025-01-21
"1272",1.7,2025-01-22
"1273",1.4,2025-01-23
"1274",1.7,2025-01-24
"1275",0.1,2025-01-25
"1276",7.8,2025-01-26
"1277",9.6,2025-01-27
"1278",7,2025-01-28
"1279",5.1,2025-01-29
"1280",7.6,2025-01-30
"1281",10.6,2025-01-31
"1282",10.7,2025-02-01
"1283",7.8,2025-02-02
"1284",8.6,2025-02-03
"1285",7.3,2025-02-04
"1286",5.9,2025-02-05
"1287",1.3,2025-02-06
"1288",0,2025-02-07
"1289",-4.6,2025-02-08
"1290",-5.14782227876012,2025-02-09
"1291",-7.18180175652371,2025-02-10
"1292",-3.9,2025-02-11
"1293",-4.4,2025-02-12
"1294",-0.1,2025-02-13
"1295",5.5,2025-02-14
"1296",7.9,2025-02-15
"1297",6.4,2025-02-16
"1298",8.8,2025-02-17
"1299",12.1,2025-02-18
"1300",9.3,2025-02-19
"1301",9.7,2025-02-20
"1302",10.8,2025-02-21
"1303",11.9,2025-02-22
"1304",11.3,2025-02-23
"1305",9.3,2025-02-24
"1306",6.9,2025-02-25
"1307",3.8,2025-02-26
"1308",5.7,2025-02-27
"1309",8.5,2025-02-28
"1310",8.1,2025-03-01
"1311",8.7,2025-03-02
"1312",5,2025-03-03
"1313",3.8,2025-03-04
"1314",5.6,2025-03-05
"1315",3.5,2025-03-06
"1316",3.2,2025-03-07
"1317",5.7,2025-03-08
"1318",11,2025-03-09
"1319",8.9,2025-03-10
"1320",8,2025-03-11
"1321",4,2025-03-12
"1322",5.1,2025-03-13
"1323",4.2,2025-03-14
"1324",3.2,2025-03-15
"1325",2.1,2025-03-16
"1326",1.8,2025-03-17
"1327",1.4,2025-03-18
"1328",2.4,2025-03-19
"1329",3.6,2025-03-20
"1330",5.7,2025-03-21
"1331",7.9,2025-03-22
"1332",10.1,2025-03-23
"1333",10.9,2025-03-24
"1334",8.6,2025-03-25
"1335",9.2,2025-03-26
"1336",12.1,2025-03-27
"1337",13.9,2025-03-28
"1338",15.7,2025-03-29
"1339",16.8,2025-03-30
"1340",11.7,2025-03-31
"1341",6.5,2025-04-01
"1342",7.2,2025-04-02
"1343",7,2025-04-03
"1344",1.6,2025-04-04
"1345",2.2,2025-04-05
"1346",5.7,2025-04-06
"1347",9.7,2025-04-07
"1348",12.6,2025-04-08
"1349",12.1,2025-04-09
"1350",4,2025-04-10
"1351",3.4,2025-04-11
"1352",4.1,2025-04-12
"1353",3.8,2025-04-13
"1354",4.4,2025-04-14
"1355",5.7,2025-04-15
"1356",7.1,2025-04-16
"1357",7.4,2025-04-17
"1358",10.2,2025-04-18
"1359",11.6,2025-04-19
"1360",11,2025-04-20
"1361",10.3,2025-04-21
"1362",12.6,2025-04-22
"1363",12.1,2025-04-23
"1364",11.6,2025-04-24
"1365",11.1,2025-04-25
"1366",13.3,2025-04-26
"1367",12.3,2025-04-27
"1368",6.9,2025-04-28
"1369",6.9,2025-04-29
"1370",8.1,2025-04-30
"1371",9.6,2025-05-01
"1372",12.4,2025-05-02
"1373",9.6,2025-05-03
"1374",9.3,2025-05-04
"1375",9.1,2025-05-05
"1376",12.8,2025-05-06
"1377",20.4,2025-05-07
"1378",14.9,2025-05-08
"1379",11.6,2025-05-09
"1380",11.9,2025-05-10
"1381",11.1,2025-05-11
"1382",10.4,2025-05-12
"1383",10.1,2025-05-13
"1384",10.9,2025-05-14
"1385",10.9,2025-05-15
"1386",11.4,2025-05-16
"1387",10.3,2025-05-17
"1388",12.1,2025-05-18
"1389",10.9,2025-05-19
"1390",12.8,2025-05-20
"1391",12.4,2025-05-21
"1392",12.4,2025-05-22
"1393",11.9,2025-05-23
"1394",12.8,2025-05-24
"1395",12,2025-05-25
"1396",14.2,2025-05-26
"1397",15.4,2025-05-27
"1398",15.6,2025-05-28
"1399",16.6,2025-05-29
"1400",16.9,2025-05-30
"1401",19.4,2025-05-31
"1402",20.4,2025-06-01
"1403",20.2,2025-06-02
"1404",16.7,2025-06-03
"1405",16.1,2025-06-04
"1406",16.6,2025-06-05
"1407",17.8,2025-06-06
"1408",18.3,2025-06-07
"1409",19.6,2025-06-08
"1410",20.7,2025-06-09
"1411",21.7,2025-06-10
"1412",20.4,2025-06-11
"1413",20.7,2025-06-12
"1414",22.6,2025-06-13
"1415",24.4,2025-06-14
"1416",25.6,2025-06-15
"1417",24.9,2025-06-16
"1418",25.7,2025-06-17
"1419",22.2,2025-06-18
"1420",19.4,2025-06-19
"1421",17.9,2025-06-20
"1422",18.7,2025-06-21
"1423",16.9,2025-06-22
"1424",17.8,2025-06-23
"1425",19.1,2025-06-24
"1426",21.2,2025-06-25
"1427",20.3,2025-06-26
"1428",17.7,2025-06-27
"1429",15.1,2025-06-28
"1430",16.9,2025-06-29
"1431",18.6,2025-06-30
"1432",18.3,2025-07-01
"1433",17.7,2025-07-02
"1434",19.1,2025-07-03
"1435",17.4,2025-07-04
"1436",18.2,2025-07-05
"1437",17.3,2025-07-06
"1438",18.9,2025-07-07
"1439",18.7,2025-07-08
"1440",18.4,2025-07-09
"1441",19.4,2025-07-10
"1442",14.9,2025-07-11
"1443",16,2025-07-12
"1444",16.6,2025-07-13
"1445",17.7,2025-07-14
"1446",19.4,2025-07-15
"1447",21,2025-07-16
"1448",21.3,2025-07-17
"1449",19.9,2025-07-18
"1450",20.4,2025-07-19
"1451",20.9,2025-07-20
"1452",22.2,2025-07-21
"1453",20.7,2025-07-22
"1454",18.7,2025-07-23
"1455",19,2025-07-24
"1456",19.9,2025-07-25
"1457",19.5,2025-07-26
"1458",20.4,2025-07-27
"1459",19.4,2025-07-28
"1460",18.8,2025-07-29
"1461",26.7,2025-07-30
"1462",19.7,2025-07-31
"1463",16.8,2025-08-01
"1464",15.2,2025-08-02
"1465",18.7,2025-08-03
"1466",20.8,2025-08-04
"1467",23.8,2025-08-05
"1468",25.2,2025-08-06
"1469",25.8,2025-08-07
"1470",25.8,2025-08-08
"1471",26.2,2025-08-09
"1472",26,2025-08-10
"1473",24.8,2025-08-11
"1474",20.8,2025-08-12
"1475",22.6,2025-08-13
"1476",22.9,2025-08-14
"1477",20.1,2025-08-15
"1478",19.3,2025-08-16
"1479",21.1,2025-08-17
"1480",26.3,2025-08-18
"1481",26.6,2025-08-19
"1482",21.6,2025-08-20
"1483",19.9,2025-08-21
"1484",18.9,2025-08-22
"1485",19.9,2025-08-23
"1486",22.9,2025-08-24
"1487",19.2,2025-08-25
"1488",16.8,2025-08-26
"1489",14.5,2025-08-27
"1490",13.3,2025-08-28
"1491",14.6,2025-08-29
"1492",15.2,2025-08-30
"1493",15.9,2025-08-31
"1494",16.8,2025-09-01
"1495",20.4,2025-09-02
"1496",20.8,2025-09-03
"1497",16.2,2025-09-04
"1498",15.9,2025-09-05
"1499",16.4,2025-09-06
"1500",18.6,2025-09-07
"1501",18.8,2025-09-08
"1502",18.8,2025-09-09
"1503",20.1,2025-09-10
"1504",19.6,2025-09-11
"1505",21.3,2025-09-12
"1506",22.6,2025-09-13
"1507",21.6,2025-09-14
"1508",19.4,2025-09-15
"1509",19.3,2025-09-16
"1510",18.5,2025-09-17
"1511",18.4,2025-09-18
"1512",18,2025-09-19
"1513",18.5,2025-09-20
"1514",17.7,2025-09-21
"1515",17.3,2025-09-22
"1516",10.8,2025-09-23
"1517",8.7,2025-09-24
"1518",10,2025-09-25
"1519",10.5,2025-09-26
"1520",11.6,2025-09-27
"1521",12.8,2025-09-28
"1522",12.4,2025-09-29
"1523",12.3,2025-09-30
"1524",10.7,2025-10-01
"1525",13.6,2025-10-02
"1526",10.8,2025-10-03
"1527",13.1,2025-10-04
"1528",12,2025-10-05
"1529",13.7,2025-10-06
"1530",14.2,2025-10-07
"1531",10.7,2025-10-08
"1532",7.1,2025-10-09
"1533",6.7,2025-10-10
"1534",7.4,2025-10-11
"1535",7.4,2025-10-12
"1536",7.2,2025-10-13
"1537",9,2025-10-14
"1538",8.1,2025-10-15
"1539",8.3,2025-10-16
"1540",8.3,2025-10-17
"1541",10.3,2025-10-18
"1542",12.8,2025-10-19
"1543",13.5,2025-10-20
"1544",13.2,2025-10-21
"1545",12.4,2025-10-22
"1546",11.8,2025-10-23
"1547",7.9,2025-10-24
"1548",8.2,2025-10-25
"1549",11.6,2025-10-26
"1550",12.5,2025-10-27
"1551",12.7,2025-10-28
"1552",9.3,2025-10-29
"1553",10.7,2025-10-30
"1554",15.8,2025-10-31
"1555",11.2,2025-11-01
"1556",7.8,2025-11-02
"1557",7.7,2025-11-03
"1558",7.7,2025-11-04
"1559",8.6,2025-11-05
"1560",8.6,2025-11-06
"1561",9.8,2025-11-07
"1562",8.5,2025-11-08
"1563",8.1,2025-11-09
"1564",9.4,2025-11-10
"1565",9.9,2025-11-11
"1566",10,2025-11-12
"1567",12.3,2025-11-13
"1568",10.5,2025-11-14
"1569",7.8,2025-11-15
"1570",5.1,2025-11-16
"1571",7.3,2025-11-17
"1572",5.1,2025-11-18
"1573",1.5,2025-11-19
"1574",1.7,2025-11-20
"1575",3.4,2025-11-21
"1576",3.6,2025-11-22
"1577",3.2,2025-11-23
"1578",2.7,2025-11-24
"1579",2.2,2025-11-25
"1580",1.6,2025-11-26
"1581",1.8,2025-11-27
"1582",0.4,2025-11-28
"1583",1.1,2025-11-29
"1584",1.8,2025-11-30
"1585",2.2,2025-12-01
"1586",3.1,2025-12-02
"1587",2.5,2025-12-03
"1588",2.9,2025-12-04
"1589",2.9,2025-12-05
"1590",2.4,2025-12-06
"1591",1.3,2025-12-07
"1592",0.7,2025-12-08
"1593",1.2,2025-12-09
"1594",4.9,2025-12-10
"1595",6,2025-12-11
"1596",4.7,2025-12-12
"1597",5.4,2025-12-13
"1598",6.8,2025-12-14
"1599",6.3,2025-12-15
"1600",6.4,2025-12-16
"1601",4.3,2025-12-17
"1602",5.4,2025-12-18
"1603",6.3,2025-12-19
"1604",12.9,2025-12-20
"1605",10.7,2025-12-21
"1606",7.9,2025-12-22
"1607",2.2,2025-12-23
"1608",0.1,2025-12-24
"1609",1.5,2025-12-25
"1610",4.7,2025-12-26
"1611",4.5,2025-12-27
"1612",2.6,2025-12-28
"1613",1.8,2025-12-29
"1614",2.2,2025-12-30
"1615",1.4,2025-12-31
"1616",0.2,2026-01-01
"1617",0.7,2026-01-02
"1618",0.2,2026-01-03
"1619",0.2,2026-01-04
"1620",1.3,2026-01-05
"1621",0,2026-01-06
"1622",-2,2026-01-07
"1623",-1.4,2026-01-08
"1624",-2.7,2026-01-09
"1625",2.1,2026-01-10
"1626",4.5,2026-01-11
"1627",2.2,2026-01-12
"1628",-0.8,2026-01-13
"1629",-3.3,2026-01-14
"1630",0.6,2026-01-15
"1631",1.7,2026-01-16
"1632",0.4,2026-01-17
"1633",2.8,2026-01-18
"1634",8.32150331678458,2026-01-19
"1635",8.3,2026-01-20
"1636",3.4,2026-01-21
"1637",1.7,2026-01-22
"1638",1.4,2026-01-23
"1639",1.7,2026-01-24
"1640",0.1,2026-01-25
"1641",7.8,2026-01-26
"1642",9.6,2026-01-27
"1643",7,2026-01-28
"1644",5.1,2026-01-29
"1645",7.6,2026-01-30
"1646",10.6,2026-01-31
"1647",10.7,2026-02-01
"1648",7.8,2026-02-02
"1649",8.6,2026-02-03
"1650",7.3,2026-02-04
"1651",5.9,2026-02-05
"1652",1.3,2026-02-06
"1653",0,2026-02-07
"1654",-4.6,2026-02-08
"1655",-5.14782227876012,2026-02-09
"1656",-7.18180175652371,2026-02-10
"1657",-3.9,2026-02-11
"1658",-4.4,2026-02-12
"1659",-0.1,2026-02-13
"1660",5.5,2026-02-14
"1661",7.9,2026-02-15
"1662",6.4,2026-02-16
"1663",8.8,2026-02-17
"1664",12.1,2026-02-18
"1665",9.3,2026-02-19
"1666",9.7,2026-02-20
"1667",10.8,2026-02-21
"1668",11.9,2026-02-22
"1669",11.3,2026-02-23
"1670",9.3,2026-02-24
"1671",6.9,2026-02-25
"1672",3.8,2026-02-26
"1673",5.7,2026-02-27
"1674",8.5,2026-02-28
"1675",8.1,2026-03-01
"1676",8.7,2026-03-02
"1677",5,2026-03-03
"1678",3.8,2026-03-04
"1679",5.6,2026-03-05
"1680",3.5,2026-03-06
"1681",3.2,2026-03-07
"1682",5.7,2026-03-08
"1683",11,2026-03-09
"1684",8.9,2026-03-10
"1685",8,2026-03-11
"1686",4,2026-03-12
"1687",5.1,2026-03-13
"1688",4.2,2026-03-14
"1689",3.2,2026-03-15
"1690",2.1,2026-03-16
"1691",1.8,2026-03-17
"1692",1.4,2026-03-18
"1693",2.4,2026-03-19
"1694",3.6,2026-03-20
"1695",5.7,2026-03-21
"1696",7.9,2026-03-22
"1697",10.1,2026-03-23
"1698",10.9,2026-03-24
"1699",8.6,2026-03-25
"1700",9.2,2026-03-26
"1701",12.1,2026-03-27
"1702",13.9,2026-03-28
"1703",15.7,2026-03-29
"1704",16.8,2026-03-30
"1705",11.7,2026-03-31
"1706",6.5,2026-04-01
"1707",7.2,2026-04-02
"1708",7,2026-04-03
"1709",1.6,2026-04-04
"1710",2.2,2026-04-05
"1711",5.7,2026-04-06
"1712",9.7,2026-04-07
"1713",12.6,2026-04-08
"1714",12.1,2026-04-09
"1715",4,2026-04-10
"1716",3.4,2026-04-11
"1717",4.1,2026-04-12
"1718",3.8,2026-04-13
"1719",4.4,2026-04-14
"1720",5.7,2026-04-15
"1721",7.1,2026-04-16
"1722",7.4,2026-04-17
"1723",10.2,2026-04-18
"1724",11.6,2026-04-19
"1725",11,2026-04-20
"1726",10.3,2026-04-21
"1727",12.6,2026-04-22
"1728",12.1,2026-04-23
"1729",11.6,2026-04-24
"1730",11.1,2026-04-25
"1731",13.3,2026-04-26
"1732",12.3,2026-04-27
"1733",6.9,2026-04-28
"1734",6.9,2026-04-29
"1735",8.1,2026-04-30
"1736",9.6,2026-05-01
"1737",12.4,2026-05-02
"1738",9.6,2026-05-03
"1739",9.3,2026-05-04
"1740",9.1,2026-05-05
"1741",12.8,2026-05-06
"1742",20.4,2026-05-07
"1743",14.9,2026-05-08
"1744",11.6,2026-05-09
"1745",11.9,2026-05-10
"1746",11.1,2026-05-11
"1747",10.4,2026-05-12
"1748",10.1,2026-05-13
"1749",10.9,2026-05-14
"1750",10.9,2026-05-15
"1751",11.4,2026-05-16
"1752",10.3,2026-05-17
"1753",12.1,2026-05-18
"1754",10.9,2026-05-19
"1755",12.8,2026-05-20
"1756",12.4,2026-05-21
"1757",12.4,2026-05-22
"1758",11.9,2026-05-23
"1759",12.8,2026-05-24
"1760",12,2026-05-25
"1761",14.2,2026-05-26
"1762",15.4,2026-05-27
"1763",15.6,2026-05-28
"1764",16.6,2026-05-29
"1765",16.9,2026-05-30
"1766",19.4,2026-05-31
"1767",20.4,2026-06-01
"1768",20.2,2026-06-02
"1769",16.7,2026-06-03
"1770",16.1,2026-06-04
"1771",16.6,2026-06-05
"1772",17.8,2026-06-06
"1773",18.3,2026-06-07
"1774",19.6,2026-06-08
"1775",20.7,2026-06-09
"1776",21.7,2026-06-10
"1777",20.4,2026-06-11
"1778",20.7,2026-06-12
"1779",22.6,2026-06-13
"1780",24.4,2026-06-14
"1781",25.6,2026-06-15
"1782",24.9,2026-06-16
"1783",25.7,2026-06-17
"1784",22.2,2026-06-18
"1785",19.4,2026-06-19
"1786",17.9,2026-06-20
"1787",18.7,2026-06-21
"1788",16.9,2026-06-22
"1789",17.8,2026-06-23
"1790",19.1,2026-06-24
"1791",21.2,2026-06-25
"1792",20.3,2026-06-26
"1793",17.7,2026-06-27
"1794",15.1,2026-06-28
"1795",16.9,2026-06-29
"1796",18.6,2026-06-30
"1797",18.3,2026-07-01
"1798",17.7,2026-07-02
"1799",19.1,2026-07-03
"1800",17.4,2026-07-04
"1801",18.2,2026-07-05
"1802",17.3,2026-07-06
"1803",18.9,2026-07-07
"1804",18.7,2026-07-08
"1805",18.4,2026-07-09
"1806",19.4,2026-07-10
"1807",14.9,2026-07-11
"1808",16,2026-07-12
"1809",16.6,2026-07-13
"1810",17.7,2026-07-14
"1811",19.4,2026-07-15
"1812",21,2026-07-16
"1813",21.3,2026-07-17
"1814",19.9,2026-07-18
"1815",20.4,2026-07-19
"1816",20.9,2026-07-20
"1817",22.2,2026-07-21
"1818",20.7,2026-07-22
"1819",18.7,2026-07-23
"1820",19,2026-07-24
"1821",19.9,2026-07-25
"1822",19.5,2026-07-26
"1823",20.4,2026-07-27
"1824",19.4,2026-07-28
"1825",18.8,2026-07-29
"1826",26.7,2026-07-30
"1827",19.7,2026-07-31
"1828",16.8,2026-08-01
"1829",15.2,2026-08-02
"1830",18.7,2026-08-03
"1831",20.8,2026-08-04
"1832",23.8,2026-08-05
"1833",25.2,2026-08-06
"1834",25.8,2026-08-07
"1835",25.8,2026-08-08
"1836",26.2,2026-08-09
"1837",26,2026-08-10
"1838",24.8,2026-08-11
"1839",20.8,2026-08-12
"1840",22.6,2026-08-13
"1841",22.9,2026-08-14
"1842",20.1,2026-08-15
"1843",19.3,2026-08-16
"1844",21.1,2026-08-17
"1845",26.3,2026-08-18
"1846",26.6,2026-08-19
"1847",21.6,2026-08-20
"1848",19.9,2026-08-21
"1849",18.9,2026-08-22
"1850",19.9,2026-08-23
"1851",22.9,2026-08-24
"1852",19.2,2026-08-25
"1853",16.8,2026-08-26
"1854",14.5,2026-08-27
"1855",13.3,2026-08-28
"1856",14.6,2026-08-29
"1857",15.2,2026-08-30
"1858",15.9,2026-08-31
"1859",16.8,2026-09-01
"1860",20.4,2026-09-02
"1861",20.8,2026-09-03
"1862",16.2,2026-09-04
"1863",15.9,2026-09-05
"1864",16.4,2026-09-06
"1865",18.6,2026-09-07
"1866",18.8,2026-09-08
"1867",18.8,2026-09-09
"1868",20.1,2026-09-10
"1869",19.6,2026-09-11
"1870",21.3,2026-09-12
"1871",22.6,2026-09-13
"1872",21.6,2026-09-14
"1873",19.4,2026-09-15
"1874",19.3,2026-09-16
"1875",18.5,2026-09-17
"1876",18.4,2026-09-18
"1877",18,2026-09-19
"1878",18.5,2026-09-20
"1879",17.7,2026-09-21
"1880",17.3,2026-09-22
"1881",10.8,2026-09-23
"1882",8.7,2026-09-24
"1883",10,2026-09-25
"1884",10.5,2026-09-26
"1885",11.6,2026-09-27
"1886",12.8,2026-09-28
"1887",12.4,2026-09-29
"1888",12.3,2026-09-30
"1889",10.7,2026-10-01
"1890",13.6,2026-10-02
"1891",10.8,2026-10-03
"1892",13.1,2026-10-04
"1893",12,2026-10-05
"1894",13.7,2026-10-06
"1895",14.2,2026-10-07
"1896",10.7,2026-10-08
"1897",7.1,2026-10-09
"1898",6.7,2026-10-10
"1899",7.4,2026-10-11
"1900",7.4,2026-10-12
"1901",7.2,2026-10-13
"1902",9,2026-10-14
"1903",8.1,2026-10-15
"1904",8.3,2026-10-16
"1905",8.3,2026-10-17
"1906",10.3,2026-10-18
"1907",12.8,2026-10-19
"1908",13.5,2026-10-20
"1909",13.2,2026-10-21
"1910",12.4,2026-10-22
"1911",11.8,2026-10-23
"1912",7.9,2026-10-24
"1913",8.2,2026-10-25
"1914",11.6,2026-10-26
"1915",12.5,2026-10-27
"1916",12.7,2026-10-28
"1917",9.3,2026-10-29
"1918",10.7,2026-10-30
"1919",15.8,2026-10-31
"1920",11.2,2026-11-01
"1921",7.8,2026-11-02
"1922",7.7,2026-11-03
"1923",7.7,2026-11-04
"1924",8.6,2026-11-05
"1925",8.6,2026-11-06
"1926",9.8,2026-11-07
"1927",8.5,2026-11-08
"1928",8.1,2026-11-09
"1929",9.4,2026-11-10
"1930",9.9,2026-11-11
"1931",10,2026-11-12
"1932",12.3,2026-11-13
"1933",10.5,2026-11-14
"1934",7.8,2026-11-15
"1935",5.1,2026-11-16
"1936",7.3,2026-11-17
"1937",5.1,2026-11-18
"1938",1.5,2026-11-19
"1939",1.7,2026-11-20
"1940",3.4,2026-11-21
"1941",3.6,2026-11-22
"1942",3.2,2026-11-23
"1943",2.7,2026-11-24
"1944",2.2,2026-11-25
"1945",1.6,2026-11-26
"1946",1.8,2026-11-27
"1947",0.4,2026-11-28
"1948",1.1,2026-11-29
"1949",1.8,2026-11-30
"1950",2.2,2026-12-01
"1951",3.1,2026-12-02
"1952",2.5,2026-12-03
"1953",2.9,2026-12-04
"1954",2.9,2026-12-05
"1955",2.4,2026-12-06
"1956",1.3,2026-12-07
"1957",0.7,2026-12-08
"1958",1.2,2026-12-09
"1959",4.9,2026-12-10
"1960",6,2026-12-11
"1961",4.7,2026-12-12
"1962",5.4,2026-12-13
"1963",6.8,2026-12-14
"1964",6.3,2026-12-15
"1965",6.4,2026-12-16
"1966",4.3,2026-12-17
"1967",5.4,2026-12-18
"1968",6.3,2026-12-19
"1969",12.9,2026-12-20
"1970",10.7,2026-12-21
"1971",7.9,2026-12-22
"1972",2.2,2026-12-23
"1973",0.1,2026-12-24
"1974",1.5,2026-12-25
"1975",4.7,2026-12-26
"1976",4.5,2026-12-27
"1977",2.6,2026-12-28
"1978",1.8,2026-12-29
"1979",2.2,2026-12-30
"1980",1.4,2026-12-31
"1981",0.2,2027-01-01
"1982",0.7,2027-01-02
"1983",0.2,2027-01-03
"1984",0.2,2027-01-04
"1985",1.3,2027-01-05
"1986",0,2027-01-06
"1987",-2,2027-01-07
"1988",-1.4,2027-01-08
"1989",-2.7,2027-01-09
"1990",2.1,2027-01-10
"1991",4.5,2027-01-11
"1992",2.2,2027-01-12
"1993",-0.8,2027-01-13
"1994",-3.3,2027-01-14
"1995",0.6,2027-01-15
"1996",1.7,2027-01-16
"1997",0.4,2027-01-17
"1998",2.8,2027-01-18
"1999",8.32150331678458,2027-01-19
"2000",8.3,2027-01-20
"2001",3.4,2027-01-21
"2002",1.7,2027-01-22
"2003",1.4,2027-01-23
"2004",1.7,2027-01-24
"2005",0.1,2027-01-25
"2006",7.8,2027-01-26
"2007",9.6,2027-01-27
"2008",7,2027-01-28
"2009",5.1,2027-01-29
"2010",7.6,2027-01-30
"2011",10.6,2027-01-31
"2012",10.7,2027-02-01
"2013",7.8,2027-02-02
"2014",8.6,2027-02-03
"2015",7.3,2027-02-04
"2016",5.9,2027-02-05
"2017",1.3,2027-02-06
"2018",0,2027-02-07
"2019",-4.6,2027-02-08
"2020",-5.14782227876012,2027-02-09
"2021",-7.18180175652371,2027-02-10
"2022",-3.9,2027-02-11
"2023",-4.4,2027-02-12
"2024",-0.1,2027-02-13
"2025",5.5,2027-02-14
"2026",7.9,2027-02-15
"2027",6.4,2027-02-16
"2028",8.8,2027-02-17
"2029",12.1,2027-02-18
"2030",9.3,2027-02-19
"2031",9.7,2027-02-20
"2032",10.8,2027-02-21
"2033",11.9,2027-02-22
"2034",11.3,2027-02-23
"2035",9.3,2027-02-24
"2036",6.9,2027-02-25
"2037",3.8,2027-02-26
"2038",5.7,2027-02-27
"2039",8.5,2027-02-28
"2040",8.1,2027-03-01
"2041",8.7,2027-03-02
"2042",5,2027-03-03
"2043",3.8,2027-03-04
"2044",5.6,2027-03-05
"2045",3.5,2027-03-06
"2046",3.2,2027-03-07
"2047",5.7,2027-03-08
"2048",11,2027-03-09
"2049",8.9,2027-03-10
"2050",8,2027-03-11
"2051",4,2027-03-12
"2052",5.1,2027-03-13
"2053",4.2,2027-03-14
"2054",3.2,2027-03-15
"2055",2.1,2027-03-16
"2056",1.8,2027-03-17
"2057",1.4,2027-03-18
"2058",2.4,2027-03-19
"2059",3.6,2027-03-20
"2060",5.7,2027-03-21
"2061",7.9,2027-03-22
"2062",10.1,2027-03-23
"2063",10.9,2027-03-24
"2064",8.6,2027-03-25
"2065",9.2,2027-03-26
"2066",12.1,2027-03-27
"2067",13.9,2027-03-28
"2068",15.7,2027-03-29
"2069",16.8,2027-03-30
"2070",11.7,2027-03-31
"2071",6.5,2027-04-01
"2072",7.2,2027-04-02
"2073",7,2027-04-03
"2074",1.6,2027-04-04
"2075",2.2,2027-04-05
"2076",5.7,2027-04-06
"2077",9.7,2027-04-07
"2078",12.6,2027-04-08
"2079",12.1,2027-04-09
"2080",4,2027-04-10
"2081",3.4,2027-04-11
"2082",4.1,2027-04-12
"2083",3.8,2027-04-13
"2084",4.4,2027-04-14
"2085",5.7,2027-04-15
"2086",7.1,2027-04-16
"2087",7.4,2027-04-17
"2088",10.2,2027-04-18
"2089",11.6,2027-04-19
"2090",11,2027-04-20
"2091",10.3,2027-04-21
"2092",12.6,2027-04-22
"2093",12.1,2027-04-23
"2094",11.6,2027-04-24
"2095",11.1,2027-04-25
"2096",13.3,2027-04-26
"2097",12.3,2027-04-27
"2098",6.9,2027-04-28
"2099",6.9,2027-04-29
"2100",8.1,2027-04-30
"2101",9.6,2027-05-01
"2102",12.4,2027-05-02
"2103",9.6,2027-05-03
"2104",9.3,2027-05-04
"2105",9.1,2027-05-05
"2106",12.8,2027-05-06
"2107",20.4,2027-05-07
"2108",14.9,2027-05-08
"2109",11.6,2027-05-09
"2110",11.9,2027-05-10
"2111",11.1,2027-05-11
"2112",10.4,2027-05-12
"2113",10.1,2027-05-13
"2114",10.9,2027-05-14
"2115",10.9,2027-05-15
"2116",11.4,2027-05-16
"2117",10.3,2027-05-17
"2118",12.1,2027-05-18
"2119",10.9,2027-05-19
"2120",12.8,2027-05-20
"2121",12.4,2027-05-21
"2122",12.4,2027-05-22
"2123",11.9,2027-05-23
"2124",12.8,2027-05-24
"2125",12,2027-05-25
"2126",14.2,2027-05-26
"2127",15.4,2027-05-27
"2128",15.6,2027-05-28
"2129",16.6,2027-05-29
"2130",16.9,2027-05-30
"2131",19.4,2027-05-31
"2132",20.4,2027-06-01
"2133",20.2,2027-06-02
"2134",16.7,2027-06-03
"2135",16.1,2027-06-04
"2136",16.6,2027-06-05
"2137",17.8,2027-06-06
"2138",18.3,2027-06-07
"2139",19.6,2027-06-08
"2140",20.7,2027-06-09
"2141",21.7,2027-06-10
"2142",20.4,2027-06-11
"2143",20.7,2027-06-12
"2144",22.6,2027-06-13
"2145",24.4,2027-06-14
"2146",25.6,2027-06-15
"2147",24.9,2027-06-16
"2148",25.7,2027-06-17
"2149",22.2,2027-06-18
"2150",19.4,2027-06-19
"2151",17.9,2027-06-20
"2152",18.7,2027-06-21
"2153",16.9,2027-06-22
"2154",17.8,2027-06-23
"2155",19.1,2027-06-24
"2156",21.2,2027-06-25
"2157",20.3,2027-06-26
"2158",17.7,2027-06-27
"2159",15.1,2027-06-28
"2160",16.9,2027-06-29
"2161",18.6,2027-06-30
"2162",18.3,2027-07-01
"2163",17.7,2027-07-02
"2164",19.1,2027-07-03
"2165",17.4,2027-07-04
"2166",18.2,2027-07-05
"2167",17.3,2027-07-06
"2168",18.9,2027-07-07
"2169",18.7,2027-07-08
"2170",18.4,2027-07-09
"2171",19.4,2027-07-10
"2172",14.9,2027-07-11
"2173",16,2027-07-12
"2174",16.6,2027-07-13
"2175",17.7,2027-07-14
"2176",19.4,2027-07-15
"2177",21,2027-07-16
"2178",21.3,2027-07-17
"2179",19.9,2027-07-18
"2180",20.4,2027-07-19
"2181",20.9,2027-07-20
"2182",22.2,2027-07-21
"2183",20.7,2027-07-22
"2184",18.7,2027-07-23
"2185",19,2027-07-24
"2186",19.9,2027-07-25
"2187",19.5,2027-07-26
"2188",20.4,2027-07-27
"2189",19.4,2027-07-28
"2190",18.8,2027-07-29
"2191",26.7,2027-07-30
"2192",19.7,2027-07-31
"2193",16.8,2027-08-01
"2194",15.2,2027-08-02
"2195",18.7,2027-08-03
"2196",20.8,2027-08-04
"2197",23.8,2027-08-05
"2198",25.2,2027-08-06
"2199",25.8,2027-08-07
"2200",25.8,2027-08-08
"2201",26.2,2027-08-09
"2202",26,2027-08-10
"2203",24.8,2027-08-11
"2204",20.8,2027-08-12
"2205",22.6,2027-08-13
"2206",22.9,2027-08-14
"2207",20.1,2027-08-15
"2208",19.3,2027-08-16
"2209",21.1,2027-08-17
"2210",26.3,2027-08-18
"2211",26.6,2027-08-19
"2212",21.6,2027-08-20
"2213",19.9,2027-08-21
"2214",18.9,2027-08-22
"2215",19.9,2027-08-23
"2216",22.9,2027-08-24
"2217",19.2,2027-08-25
"2218",16.8,2027-08-26
"2219",14.5,2027-08-27
"2220",13.3,2027-08-28
"2221",14.6,2027-08-29
"2222",15.2,2027-08-30
"2223",15.9,2027-08-31
"2224",16.8,2027-09-01
"2225",20.4,2027-09-02
"2226",20.8,2027-09-03
"2227",16.2,2027-09-04
"2228",15.9,2027-09-05
"2229",16.4,2027-09-06
"2230",18.6,2027-09-07
"2231",18.8,2027-09-08
"2232",18.8,2027-09-09
"2233",20.1,2027-09-10
"2234",19.6,2027-09-11
"2235",21.3,2027-09-12
"2236",22.6,2027-09-13
"2237",21.6,2027-09-14
"2238",19.4,2027-09-15
"2239",19.3,2027-09-16
"2240",18.5,2027-09-17
"2241",18.4,2027-09-18
"2242",18,2027-09-19
"2243",18.5,2027-09-20
"2244",17.7,2027-09-21
"2245",17.3,2027-09-22
"2246",10.8,2027-09-23
"2247",8.7,2027-09-24
"2248",10,2027-09-25
"2249",10.5,2027-09-26
"2250",11.6,2027-09-27
"2251",12.8,2027-09-28
"2252",12.4,2027-09-29
"2253",12.3,2027-09-30
"2254",10.7,2027-10-01
"2255",13.6,2027-10-02
"2256",10.8,2027-10-03
"2257",13.1,2027-10-04
"2258",12,2027-10-05
"2259",13.7,2027-10-06
"2260",14.2,2027-10-07
"2261",10.7,2027-10-08
"2262",7.1,2027-10-09
"2263",6.7,2027-10-10
"2264",7.4,2027-10-11
"2265",7.4,2027-10-12
"2266",7.2,2027-10-13
"2267",9,2027-10-14
"2268",8.1,2027-10-15
"2269",8.3,2027-10-16
"2270",8.3,2027-10-17
"2271",10.3,2027-10-18
"2272",12.8,2027-10-19
"2273",13.5,2027-10-20
"2274",13.2,2027-10-21
"2275",12.4,2027-10-22
"2276",11.8,2027-10-23
"2277",7.9,2027-10-24
"2278",8.2,2027-10-25
"2279",11.6,2027-10-26
"2280",12.5,2027-10-27
"2281",12.7,2027-10-28
"2282",9.3,2027-10-29
"2283",10.7,2027-10-30
"2284",15.8,2027-10-31
"2285",11.2,2027-11-01
"2286",7.8,2027-11-02
"2287",7.7,2027-11-03
"2288",7.7,2027-11-04
"2289",8.6,2027-11-05
"2290",8.6,2027-11-06
"2291",9.8,2027-11-07
"2292",8.5,2027-11-08
"2293",8.1,2027-11-09
"2294",9.4,2027-11-10
"2295",9.9,2027-11-11
"2296",10,2027-11-12
"2297",12.3,2027-11-13
"2298",10.5,2027-11-14
"2299",7.8,2027-11-15
"2300",5.1,2027-11-16
"2301",7.3,2027-11-17
"2302",5.1,2027-11-18
"2303",1.5,2027-11-19
"2304",1.7,2027-11-20
"2305",3.4,2027-11-21
"2306",3.6,2027-11-22
"2307",3.2,2027-11-23
"2308",2.7,2027-11-24
"2309",2.2,2027-11-25
"2310",1.6,2027-11-26
"2311",1.8,2027-11-27
"2312",0.4,2027-11-28
"2313",1.1,2027-11-29
"2314",1.8,2027-11-30
"2315",2.2,2027-12-01
"2316",3.1,2027-12-02
"2317",2.5,2027-12-03
"2318",2.9,2027-12-04
"2319",2.9,2027-12-05
"2320",2.4,2027-12-06
"2321",1.3,2027-12-07
"2322",0.7,2027-12-08
"2323",1.2,2027-12-09
"2324",4.9,2027-12-10
"2325",6,2027-12-11
"2326",4.7,2027-12-12
"2327",5.4,2027-12-13
"2328",6.8,2027-12-14
"2329",6.3,2027-12-15
"2330",6.4,2027-12-16
"2331",4.3,2027-12-17
"2332",5.4,2027-12-18
"2333",6.3,2027-12-19
"2334",12.9,2027-12-20
"2335",10.7,2027-12-21
"2336",7.9,2027-12-22
"2337",2.2,2027-12-23
"2338",0.1,2027-12-24
"2339",1.5,2027-12-25
"2340",4.7,2027-12-26
"2341",4.5,2027-12-27
"2342",2.6,2027-12-28
"2343",1.8,2027-12-29
"2344",2.2,2027-12-30
"2345",1.4,2027-12-31
"2346",0.2,2028-01-01
"2347",0.7,2028-01-02
"2348",0.2,2028-01-03
"2349",0.2,2028-01-04
"2350",1.3,2028-01-05
"2351",0,2028-01-06
"2352",-2,2028-01-07
"2353",-1.4,2028-01-08
"2354",-2.7,2028-01-09
"2355",2.1,2028-01-10
"2356",4.5,2028-01-11
"2357",2.2,2028-01-12
"2358",-0.8,2028-01-13
"2359",-3.3,2028-01-14
"2360",0.6,2028-01-15
"2361",1.7,2028-01-16
"2362",0.4,2028-01-17
"2363",2.8,2028-01-18
"2364",8.32150331678458,2028-01-19
"2365",8.3,2028-01-20
"2366",3.4,2028-01-21
"2367",1.7,2028-01-22
"2368",1.4,2028-01-23
"2369",1.7,2028-01-24
"2370",0.1,2028-01-25
"2371",7.8,2028-01-26
"2372",9.6,2028-01-27
"2373",7,2028-01-28
"2374",5.1,2028-01-29
"2375",7.6,2028-01-30
"2376",10.6,2028-01-31
"2377",10.7,2028-02-01
"2378",7.8,2028-02-02
"2379",8.6,2028-02-03
"2380",7.3,2028-02-04
"2381",5.9,2028-02-05
"2382",1.3,2028-02-06
"2383",0,2028-02-07
"2384",-4.6,2028-02-08
"2385",-5.14782227876012,2028-02-09
"2386",-7.18180175652371,2028-02-10
"2387",-3.9,2028-02-11
"2388",-4.4,2028-02-12
"2389",-0.1,2028-02-13
"2390",5.5,2028-02-14
"2391",7.9,2028-02-15
"2392",6.4,2028-02-16
"2393",8.8,2028-02-17
"2394",12.1,2028-02-18
"2395",9.3,2028-02-19
"2396",9.7,2028-02-20
"2397",10.8,2028-02-21
"2398",11.9,2028-02-22
"2399",11.3,2028-02-23
"2400",9.3,2028-02-24
"2401",6.9,2028-02-25
"2402",3.8,2028-02-26
"2403",5.7,2028-02-27
"2404",8.5,2028-02-28
"2405",8.1,2028-02-29
"2406",8.7,2028-03-01
"2407",5,2028-03-02
"2408",3.8,2028-03-03
"2409",5.6,2028-03-04
"2410",3.5,2028-03-05
"2411",3.2,2028-03-06
"2412",5.7,2028-03-07
"2413",11,2028-03-08
"2414",8.9,2028-03-09
"2415",8,2028-03-10
"2416",4,2028-03-11
"2417",5.1,2028-03-12
"2418",4.2,2028-03-13
"2419",3.2,2028-03-14
"2420",2.1,2028-03-15
"2421",1.8,2028-03-16
"2422",1.4,2028-03-17
"2423",2.4,2028-03-18
"2424",3.6,2028-03-19
"2425",5.7,2028-03-20
"2426",7.9,2028-03-21
"2427",10.1,2028-03-22
"2428",10.9,2028-03-23
"2429",8.6,2028-03-24
"2430",9.2,2028-03-25
"2431",12.1,2028-03-26
"2432",13.9,2028-03-27
"2433",15.7,2028-03-28
"2434",16.8,2028-03-29
"2435",11.7,2028-03-30
"2436",6.5,2028-03-31
"2437",7.2,2028-04-01
"2438",7,2028-04-02
"2439",1.6,2028-04-03
"2440",2.2,2028-04-04
"2441",5.7,2028-04-05
"2442",9.7,2028-04-06
"2443",12.6,2028-04-07
"2444",12.1,2028-04-08
"2445",4,2028-04-09
"2446",3.4,2028-04-10
"2447",4.1,2028-04-11
"2448",3.8,2028-04-12
"2449",4.4,2028-04-13
"2450",5.7,2028-04-14
"2451",7.1,2028-04-15
"2452",7.4,2028-04-16
"2453",10.2,2028-04-17
"2454",11.6,2028-04-18
"2455",11,2028-04-19
"2456",10.3,2028-04-20
"2457",12.6,2028-04-21
"2458",12.1,2028-04-22
"2459",11.6,2028-04-23
"2460",11.1,2028-04-24
"2461",13.3,2028-04-25
"2462",12.3,2028-04-26
"2463",6.9,2028-04-27
"2464",6.9,2028-04-28
"2465",8.1,2028-04-29
"2466",9.6,2028-04-30
"2467",12.4,2028-05-01
"2468",9.6,2028-05-02
"2469",9.3,2028-05-03
"2470",9.1,2028-05-04
"2471",12.8,2028-05-05
"2472",20.4,2028-05-06
"2473",14.9,2028-05-07
"2474",11.6,2028-05-08
"2475",11.9,2028-05-09
"2476",11.1,2028-05-10
"2477",10.4,2028-05-11
"2478",10.1,2028-05-12
"2479",10.9,2028-05-13
"2480",10.9,2028-05-14
"2481",11.4,2028-05-15
"2482",10.3,2028-05-16
"2483",12.1,2028-05-17
"2484",10.9,2028-05-18
"2485",12.8,2028-05-19
"2486",12.4,2028-05-20
"2487",12.4,2028-05-21
"2488",11.9,2028-05-22
"2489",12.8,2028-05-23
"2490",12,2028-05-24
"2491",14.2,2028-05-25
"2492",15.4,2028-05-26
"2493",15.6,2028-05-27
"2494",16.6,2028-05-28
"2495",16.9,2028-05-29
"2496",19.4,2028-05-30
"2497",20.4,2028-05-31
"2498",20.2,2028-06-01
"2499",16.7,2028-06-02
"2500",16.1,2028-06-03
"2501",16.6,2028-06-04
"2502",17.8,2028-06-05
"2503",18.3,2028-06-06
"2504",19.6,2028-06-07
"2505",20.7,2028-06-08
"2506",21.7,2028-06-09
"2507",20.4,2028-06-10
"2508",20.7,2028-06-11
"2509",22.6,2028-06-12
"2510",24.4,2028-06-13
"2511",25.6,2028-06-14
"2512",24.9,2028-06-15
"2513",25.7,2028-06-16
"2514",22.2,2028-06-17
"2515",19.4,2028-06-18
"2516",17.9,2028-06-19
"2517",18.7,2028-06-20
"2518",16.9,2028-06-21
"2519",17.8,2028-06-22
"2520",19.1,2028-06-23
"2521",21.2,2028-06-24
"2522",20.3,2028-06-25
"2523",17.7,2028-06-26
"2524",15.1,2028-06-27
"2525",16.9,2028-06-28
"2526",18.6,2028-06-29
"2527",18.3,2028-06-30
"2528",17.7,2028-07-01
"2529",19.1,2028-07-02
"2530",17.4,2028-07-03
"2531",18.2,2028-07-04
"2532",17.3,2028-07-05
"2533",18.9,2028-07-06
"2534",18.7,2028-07-07
"2535",18.4,2028-07-08
"2536",19.4,2028-07-09
"2537",14.9,2028-07-10
"2538",16,2028-07-11
"2539",16.6,2028-07-12
"2540",17.7,2028-07-13
"2541",19.4,2028-07-14
"2542",21,2028-07-15
"2543",21.3,2028-07-16
"2544",19.9,2028-07-17
"2545",20.4,2028-07-18
"2546",20.9,2028-07-19
"2547",22.2,2028-07-20
"2548",20.7,2028-07-21
"2549",18.7,2028-07-22
"2550",19,2028-07-23
"2551",19.9,2028-07-24
"2552",19.5,2028-07-25
"2553",20.4,2028-07-26
"2554",19.4,2028-07-27
"2555",18.8,2028-07-28
"2556",26.7,2028-07-29
"2557",19.7,2028-07-30
"2558",16.8,2028-07-31
"2559",15.2,2028-08-01
"2560",18.7,2028-08-02
"2561",20.8,2028-08-03
"2562",23.8,2028-08-04
"2563",25.2,2028-08-05
"2564",25.8,2028-08-06
"2565",25.8,2028-08-07
"2566",26.2,2028-08-08
"2567",26,2028-08-09
"2568",24.8,2028-08-10
"2569",20.8,2028-08-11
"2570",22.6,2028-08-12
"2571",22.9,2028-08-13
"2572",20.1,2028-08-14
"2573",19.3,2028-08-15
"2574",21.1,2028-08-16
"2575",26.3,2028-08-17
"2576",26.6,2028-08-18
"2577",21.6,2028-08-19
"2578",19.9,2028-08-20
"2579",18.9,2028-08-21
"2580",19.9,2028-08-22
"2581",22.9,2028-08-23
"2582",19.2,2028-08-24
"2583",16.8,2028-08-25
"2584",14.5,2028-08-26
"2585",13.3,2028-08-27
"2586",14.6,2028-08-28
"2587",15.2,2028-08-29
"2588",15.9,2028-08-30
"2589",16.8,2028-08-31
"2590",20.4,2028-09-01
"2591",20.8,2028-09-02
"2592",16.2,2028-09-03
"2593",15.9,2028-09-04
"2594",16.4,2028-09-05
"2595",18.6,2028-09-06
"2596",18.8,2028-09-07
"2597",18.8,2028-09-08
"2598",20.1,2028-09-09
"2599",19.6,2028-09-10
"2600",21.3,2028-09-11
"2601",22.6,2028-09-12
"2602",21.6,2028-09-13
"2603",19.4,2028-09-14
"2604",19.3,2028-09-15
"2605",18.5,2028-09-16
"2606",18.4,2028-09-17
"2607",18,2028-09-18
"2608",18.5,2028-09-19
"2609",17.7,2028-09-20
"2610",17.3,2028-09-21
"2611",10.8,2028-09-22
"2612",8.7,2028-09-23
"2613",10,2028-09-24
"2614",10.5,2028-09-25
"2615",11.6,2028-09-26
"2616",12.8,2028-09-27
"2617",12.4,2028-09-28
"2618",12.3,2028-09-29
"2619",10.7,2028-09-30
"2620",13.6,2028-10-01
"2621",10.8,2028-10-02
"2622",13.1,2028-10-03
"2623",12,2028-10-04
"2624",13.7,2028-10-05
"2625",14.2,2028-10-06
"2626",10.7,2028-10-07
"2627",7.1,2028-10-08
"2628",6.7,2028-10-09
"2629",7.4,2028-10-10
"2630",7.4,2028-10-11
"2631",7.2,2028-10-12
"2632",9,2028-10-13
"2633",8.1,2028-10-14
"2634",8.3,2028-10-15
"2635",8.3,2028-10-16
"2636",10.3,2028-10-17
"2637",12.8,2028-10-18
"2638",13.5,2028-10-19
"2639",13.2,2028-10-20
"2640",12.4,2028-10-21
"2641",11.8,2028-10-22
"2642",7.9,2028-10-23
"2643",8.2,2028-10-24
"2644",11.6,2028-10-25
"2645",12.5,2028-10-26
"2646",12.7,2028-10-27
"2647",9.3,2028-10-28
"2648",10.7,2028-10-29
"2649",15.8,2028-10-30
"2650",11.2,2028-10-31
"2651",7.8,2028-11-01
"2652",7.7,2028-11-02
"2653",7.7,2028-11-03
"2654",8.6,2028-11-04
"2655",8.6,2028-11-05
"2656",9.8,2028-11-06
"2657",8.5,2028-11-07
"2658",8.1,2028-11-08
"2659",9.4,2028-11-09
"2660",9.9,2028-11-10
"2661",10,2028-11-11
"2662",12.3,2028-11-12
"2663",10.5,2028-11-13
"2664",7.8,2028-11-14
"2665",5.1,2028-11-15
"2666",7.3,2028-11-16
"2667",5.1,2028-11-17
"2668",1.5,2028-11-18
"2669",1.7,2028-11-19
"2670",3.4,2028-11-20
"2671",3.6,2028-11-21
"2672",3.2,2028-11-22
"2673",2.7,2028-11-23
"2674",2.2,2028-11-24
"2675",1.6,2028-11-25
"2676",1.8,2028-11-26
"2677",0.4,2028-11-27
"2678",1.1,2028-11-28
"2679",1.8,2028-11-29
"2680",2.2,2028-11-30
"2681",3.1,2028-12-01
"2682",2.5,2028-12-02
"2683",2.9,2028-12-03
"2684",2.9,2028-12-04
"2685",2.4,2028-12-05
"2686",1.3,2028-12-06
"2687",0.7,2028-12-07
"2688",1.2,2028-12-08
"2689",4.9,2028-12-09
"2690",6,2028-12-10
"2691",4.7,2028-12-11
"2692",5.4,2028-12-12
"2693",6.8,2028-12-13
"2694",6.3,2028-12-14
"2695",6.4,2028-12-15
"2696",4.3,2028-12-16
"2697",5.4,2028-12-17
"2698",6.3,2028-12-18
"2699",12.9,2028-12-19
"2700",10.7,2028-12-20
"2701",7.9,2028-12-21
"2702",2.2,2028-12-22
"2703",0.1,2028-12-23
"2704",1.5,2028-12-24
"2705",4.7,2028-12-25
"2706",4.5,2028-12-26
"2707",2.6,2028-12-27
"2708",1.8,2028-12-28
"2709",2.2,2028-12-29
"2710",1.4,2028-12-30
"2711",0.2,2028-12-31
"2712",0.7,2029-01-01
"2713",0.2,2029-01-02
"2714",0.2,2029-01-03
"2715",1.3,2029-01-04
"2716",0,2029-01-05
"2717",-2,2029-01-06
"2718",-1.4,2029-01-07
"2719",-2.7,2029-01-08
"2720",2.1,2029-01-09
"2721",4.5,2029-01-10
"2722",2.2,2029-01-11
"2723",-0.8,2029-01-12
"2724",-3.3,2029-01-13
"2725",0.6,2029-01-14
"2726",1.7,2029-01-15
"2727",0.4,2029-01-16
"2728",2.8,2029-01-17
"2729",8.32150331678458,2029-01-18
"2730",8.3,2029-01-19
"2731",3.4,2029-01-20
"2732",1.7,2029-01-21
"2733",1.4,2029-01-22
"2734",1.7,2029-01-23
"2735",0.1,2029-01-24
"2736",7.8,2029-01-25
"2737",9.6,2029-01-26
"2738",7,2029-01-27
"2739",5.1,2029-01-28
"2740",7.6,2029-01-29
"2741",10.6,2029-01-30
"2742",10.7,2029-01-31
"2743",7.8,2029-02-01
"2744",8.6,2029-02-02
"2745",7.3,2029-02-03
"2746",5.9,2029-02-04
"2747",1.3,2029-02-05
"2748",0,2029-02-06
"2749",-4.6,2029-02-07
"2750",-5.14782227876012,2029-02-08
"2751",-7.18180175652371,2029-02-09
"2752",-3.9,2029-02-10
"2753",-4.4,2029-02-11
"2754",-0.1,2029-02-12
"2755",5.5,2029-02-13
"2756",7.9,2029-02-14
"2757",6.4,2029-02-15
"2758",8.8,2029-02-16
"2759",12.1,2029-02-17
"2760",9.3,2029-02-18
"2761",9.7,2029-02-19
"2762",10.8,2029-02-20
"2763",11.9,2029-02-21
"2764",11.3,2029-02-22
"2765",9.3,2029-02-23
"2766",6.9,2029-02-24
"2767",3.8,2029-02-25
"2768",5.7,2029-02-26
"2769",8.5,2029-02-27
"2770",8.1,2029-02-28
"2771",8.7,2029-03-01
"2772",5,2029-03-02
"2773",3.8,2029-03-03
"2774",5.6,2029-03-04
"2775",3.5,2029-03-05
"2776",3.2,2029-03-06
"2777",5.7,2029-03-07
"2778",11,2029-03-08
"2779",8.9,2029-03-09
"2780",8,2029-03-10
"2781",4,2029-03-11
"2782",5.1,2029-03-12
"2783",4.2,2029-03-13
"2784",3.2,2029-03-14
"2785",2.1,2029-03-15
"2786",1.8,2029-03-16
"2787",1.4,2029-03-17
"2788",2.4,2029-03-18
"2789",3.6,2029-03-19
"2790",5.7,2029-03-20
"2791",7.9,2029-03-21
"2792",10.1,2029-03-22
"2793",10.9,2029-03-23
"2794",8.6,2029-03-24
"2795",9.2,2029-03-25
"2796",12.1,2029-03-26
"2797",13.9,2029-03-27
"2798",15.7,2029-03-28
"2799",16.8,2029-03-29
"2800",11.7,2029-03-30
"2801",6.5,2029-03-31
"2802",7.2,2029-04-01
"2803",7,2029-04-02
"2804",1.6,2029-04-03
"2805",2.2,2029-04-04
"2806",5.7,2029-04-05
"2807",9.7,2029-04-06
"2808",12.6,2029-04-07
"2809",12.1,2029-04-08
"2810",4,2029-04-09
"2811",3.4,2029-04-10
"2812",4.1,2029-04-11
"2813",3.8,2029-04-12
"2814",4.4,2029-04-13
"2815",5.7,2029-04-14
"2816",7.1,2029-04-15
"2817",7.4,2029-04-16
"2818",10.2,2029-04-17
"2819",11.6,2029-04-18
"2820",11,2029-04-19
"2821",10.3,2029-04-20
"2822",12.6,2029-04-21
"2823",12.1,2029-04-22
"2824",11.6,2029-04-23
"2825",11.1,2029-04-24
"2826",13.3,2029-04-25
"2827",12.3,2029-04-26
"2828",6.9,2029-04-27
"2829",6.9,2029-04-28
"2830",8.1,2029-04-29
"2831",9.6,2029-04-30
"2832",12.4,2029-05-01
"2833",9.6,2029-05-02
"2834",9.3,2029-05-03
"2835",9.1,2029-05-04
"2836",12.8,2029-05-05
"2837",20.4,2029-05-06
"2838",14.9,2029-05-07
"2839",11.6,2029-05-08
"2840",11.9,2029-05-09
"2841",11.1,2029-05-10
"2842",10.4,2029-05-11
"2843",10.1,2029-05-12
"2844",10.9,2029-05-13
"2845",10.9,2029-05-14
"2846",11.4,2029-05-15
"2847",10.3,2029-05-16
"2848",12.1,2029-05-17
"2849",10.9,2029-05-18
"2850",12.8,2029-05-19
"2851",12.4,2029-05-20
"2852",12.4,2029-05-21
"2853",11.9,2029-05-22
"2854",12.8,2029-05-23
"2855",12,2029-05-24
"2856",14.2,2029-05-25
"2857",15.4,2029-05-26
"2858",15.6,2029-05-27
"2859",16.6,2029-05-28
"2860",16.9,2029-05-29
"2861",19.4,2029-05-30
"2862",20.4,2029-05-31
"2863",20.2,2029-06-01
"2864",16.7,2029-06-02
"2865",16.1,2029-06-03
"2866",16.6,2029-06-04
"2867",17.8,2029-06-05
"2868",18.3,2029-06-06
"2869",19.6,2029-06-07
"2870",20.7,2029-06-08
"2871",21.7,2029-06-09
"2872",20.4,2029-06-10
"2873",20.7,2029-06-11
"2874",22.6,2029-06-12
"2875",24.4,2029-06-13
"2876",25.6,2029-06-14
"2877",24.9,2029-06-15
"2878",25.7,2029-06-16
"2879",22.2,2029-06-17
"2880",19.4,2029-06-18
"2881",17.9,2029-06-19
"2882",18.7,2029-06-20
"2883",16.9,2029-06-21
"2884",17.8,2029-06-22
"2885",19.1,2029-06-23
"2886",21.2,2029-06-24
"2887",20.3,2029-06-25
"2888",17.7,2029-06-26
"2889",15.1,2029-06-27
"2890",16.9,2029-06-28
"2891",18.6,2029-06-29
"2892",18.3,2029-06-30
"2893",17.7,2029-07-01
"2894",19.1,2029-07-02
"2895",17.4,2029-07-03
"2896",18.2,2029-07-04
"2897",17.3,2029-07-05
"2898",18.9,2029-07-06
"2899",18.7,2029-07-07
"2900",18.4,2029-07-08
"2901",19.4,2029-07-09
"2902",14.9,2029-07-10
"2903",16,2029-07-11
"2904",16.6,2029-07-12
"2905",17.7,2029-07-13
"2906",19.4,2029-07-14
"2907",21,2029-07-15
"2908",21.3,2029-07-16
"2909",19.9,2029-07-17
"2910",20.4,2029-07-18
"2911",20.9,2029-07-19
"2912",22.2,2029-07-20
"2913",20.7,2029-07-21
"2914",18.7,2029-07-22
"2915",19,2029-07-23
"2916",19.9,2029-07-24
"2917",19.5,2029-07-25
"2918",20.4,2029-07-26
"2919",19.4,2029-07-27
"2920",18.8,2029-07-28
"2921",26.7,2029-07-29
"2922",19.7,2029-07-30
"2923",16.8,2029-07-31
"2924",15.2,2029-08-01
"2925",18.7,2029-08-02
"2926",20.8,2029-08-03
"2927",23.8,2029-08-04
"2928",25.2,2029-08-05
"2929",25.8,2029-08-06
"2930",25.8,2029-08-07
"2931",26.2,2029-08-08
"2932",26,2029-08-09
"2933",24.8,2029-08-10
"2934",20.8,2029-08-11
"2935",22.6,2029-08-12
"2936",22.9,2029-08-13
"2937",20.1,2029-08-14
"2938",19.3,2029-08-15
"2939",21.1,2029-08-16
"2940",26.3,2029-08-17
"2941",26.6,2029-08-18
"2942",21.6,2029-08-19
"2943",19.9,2029-08-20
"2944",18.9,2029-08-21
"2945",19.9,2029-08-22
"2946",22.9,2029-08-23
"2947",19.2,2029-08-24
"2948",16.8,2029-08-25
"2949",14.5,2029-08-26
"2950",13.3,2029-08-27
"2951",14.6,2029-08-28
"2952",15.2,2029-08-29
"2953",15.9,2029-08-30
"2954",16.8,2029-08-31
"2955",20.4,2029-09-01
"2956",20.8,2029-09-02
"2957",16.2,2029-09-03
"2958",15.9,2029-09-04
"2959",16.4,2029-09-05
"2960",18.6,2029-09-06
"2961",18.8,2029-09-07
"2962",18.8,2029-09-08
"2963",20.1,2029-09-09
"2964",19.6,2029-09-10
"2965",21.3,2029-09-11
"2966",22.6,2029-09-12
"2967",21.6,2029-09-13
"2968",19.4,2029-09-14
"2969",19.3,2029-09-15
"2970",18.5,2029-09-16
"2971",18.4,2029-09-17
"2972",18,2029-09-18
"2973",18.5,2029-09-19
"2974",17.7,2029-09-20
"2975",17.3,2029-09-21
"2976",10.8,2029-09-22
"2977",8.7,2029-09-23
"2978",10,2029-09-24
"2979",10.5,2029-09-25
"2980",11.6,2029-09-26
"2981",12.8,2029-09-27
"2982",12.4,2029-09-28
"2983",12.3,2029-09-29
"2984",10.7,2029-09-30
"2985",13.6,2029-10-01
"2986",10.8,2029-10-02
"2987",13.1,2029-10-03
"2988",12,2029-10-04
"2989",13.7,2029-10-05
"2990",14.2,2029-10-06
"2991",10.7,2029-10-07
"2992",7.1,2029-10-08
"2993",6.7,2029-10-09
"2994",7.4,2029-10-10
"2995",7.4,2029-10-11
"2996",7.2,2029-10-12
"2997",9,2029-10-13
"2998",8.1,2029-10-14
"2999",8.3,2029-10-15
"3000",8.3,2029-10-16
"3001",10.3,2029-10-17
"3002",12.8,2029-10-18
"3003",13.5,2029-10-19
"3004",13.2,2029-10-20
"3005",12.4,2029-10-21
"3006",11.8,2029-10-22
"3007",7.9,2029-10-23
"3008",8.2,2029-10-24
"3009",11.6,2029-10-25
"3010",12.5,2029-10-26
"3011",12.7,2029-10-27
"3012",9.3,2029-10-28
"3013",10.7,2029-10-29
"3014",15.8,2029-10-30
"3015",11.2,2029-10-31
"3016",7.8,2029-11-01
"3017",7.7,2029-11-02
"3018",7.7,2029-11-03
"3019",8.6,2029-11-04
"3020",8.6,2029-11-05
"3021",9.8,2029-11-06
"3022",8.5,2029-11-07
"3023",8.1,2029-11-08
"3024",9.4,2029-11-09
"3025",9.9,2029-11-10
"3026",10,2029-11-11
"3027",12.3,2029-11-12
"3028",10.5,2029-11-13
"3029",7.8,2029-11-14
"3030",5.1,2029-11-15
"3031",7.3,2029-11-16
"3032",5.1,2029-11-17
"3033",1.5,2029-11-18
"3034",1.7,2029-11-19
"3035",3.4,2029-11-20
"3036",3.6,2029-11-21
"3037",3.2,2029-11-22
"3038",2.7,2029-11-23
"3039",2.2,2029-11-24
"3040",1.6,2029-11-25
"3041",1.8,2029-11-26
"3042",0.4,2029-11-27
"3043",1.1,2029-11-28
"3044",1.8,2029-11-29
"3045",2.2,2029-11-30
"3046",3.1,2029-12-01
"3047",2.5,2029-12-02
"3048",2.9,2029-12-03
"3049",2.9,2029-12-04
"3050",2.4,2029-12-05
"3051",1.3,2029-12-06
"3052",0.7,2029-12-07
"3053",1.2,2029-12-08
"3054",4.9,2029-12-09
"3055",6,2029-12-10
"3056",4.7,2029-12-11
"3057",5.4,2029-12-12
"3058",6.8,2029-12-13
"3059",6.3,2029-12-14
"3060",6.4,2029-12-15
"3061",4.3,2029-12-16
"3062",5.4,2029-12-17
"3063",6.3,2029-12-18
"3064",12.9,2029-12-19
"3065",10.7,2029-12-20
"3066",7.9,2029-12-21
"3067",2.2,2029-12-22
"3068",0.1,2029-12-23
"3069",1.5,2029-12-24
"3070",4.7,2029-12-25
"3071",4.5,2029-12-26
"3072",2.6,2029-12-27
"3073",1.8,2029-12-28
"3074",2.2,2029-12-29
"3075",1.4,2029-12-30
"3076",0.2,2029-12-31
"3077",0.7,2030-01-01
"3078",0.2,2030-01-02
"3079",0.2,2030-01-03
"3080",1.3,2030-01-04
"3081",0,2030-01-05
"3082",-2,2030-01-06
"3083",-1.4,2030-01-07
"3084",-2.7,2030-01-08
"3085",2.1,2030-01-09
"3086",4.5,2030-01-10
"3087",2.2,2030-01-11
"3088",-0.8,2030-01-12
"3089",-3.3,2030-01-13
"3090",0.6,2030-01-14
"3091",1.7,2030-01-15
"3092",0.4,2030-01-16
"3093",2.8,2030-01-17
"3094",8.32150331678458,2030-01-18
"3095",8.3,2030-01-19
"3096",3.4,2030-01-20
"3097",1.7,2030-01-21
"3098",1.4,2030-01-22
"3099",1.7,2030-01-23
"3100",0.1,2030-01-24
"3101",7.8,2030-01-25
"3102",9.6,2030-01-26
"3103",7,2030-01-27
"3104",5.1,2030-01-28
"3105",7.6,2030-01-29
"3106",10.6,2030-01-30
"3107",10.7,2030-01-31
"3108",7.8,2030-02-01
"3109",8.6,2030-02-02
"3110",7.3,2030-02-03
"3111",5.9,2030-02-04
"3112",1.3,2030-02-05
"3113",0,2030-02-06
"3114",-4.6,2030-02-07
"3115",-5.14782227876012,2030-02-08
"3116",-7.18180175652371,2030-02-09
"3117",-3.9,2030-02-10
"3118",-4.4,2030-02-11
"3119",-0.1,2030-02-12
"3120",5.5,2030-02-13
"3121",7.9,2030-02-14
"3122",6.4,2030-02-15
"3123",8.8,2030-02-16
"3124",12.1,2030-02-17
"3125",9.3,2030-02-18
"3126",9.7,2030-02-19
"3127",10.8,2030-02-20
"3128",11.9,2030-02-21
"3129",11.3,2030-02-22
"3130",9.3,2030-02-23
"3131",6.9,2030-02-24
"3132",3.8,2030-02-25
"3133",5.7,2030-02-26
"3134",8.5,2030-02-27
"3135",8.1,2030-02-28
"3136",8.7,2030-03-01
"3137",5,2030-03-02
"3138",3.8,2030-03-03
"3139",5.6,2030-03-04
"3140",3.5,2030-03-05
"3141",3.2,2030-03-06
"3142",5.7,2030-03-07
"3143",11,2030-03-08
"3144",8.9,2030-03-09
"3145",8,2030-03-10
"3146",4,2030-03-11
"3147",5.1,2030-03-12
"3148",4.2,2030-03-13
"3149",3.2,2030-03-14
"3150",2.1,2030-03-15
"3151",1.8,2030-03-16
"3152",1.4,2030-03-17
"3153",2.4,2030-03-18
"3154",3.6,2030-03-19
"3155",5.7,2030-03-20
"3156",7.9,2030-03-21
"3157",10.1,2030-03-22
"3158",10.9,2030-03-23
"3159",8.6,2030-03-24
"3160",9.2,2030-03-25
"3161",12.1,2030-03-26
"3162",13.9,2030-03-27
"3163",15.7,2030-03-28
"3164",16.8,2030-03-29
"3165",11.7,2030-03-30
"3166",6.5,2030-03-31
"3167",7.2,2030-04-01
"3168",7,2030-04-02
"3169",1.6,2030-04-03
"3170",2.2,2030-04-04
"3171",5.7,2030-04-05
"3172",9.7,2030-04-06
"3173",12.6,2030-04-07
"3174",12.1,2030-04-08
"3175",4,2030-04-09
"3176",3.4,2030-04-10
"3177",4.1,2030-04-11
"3178",3.8,2030-04-12
"3179",4.4,2030-04-13
"3180",5.7,2030-04-14
"3181",7.1,2030-04-15
"3182",7.4,2030-04-16
"3183",10.2,2030-04-17
"3184",11.6,2030-04-18
"3185",11,2030-04-19
"3186",10.3,2030-04-20
"3187",12.6,2030-04-21
"3188",12.1,2030-04-22
"3189",11.6,2030-04-23
"3190",11.1,2030-04-24
"3191",13.3,2030-04-25
"3192",12.3,2030-04-26
"3193",6.9,2030-04-27
"3194",6.9,2030-04-28
"3195",8.1,2030-04-29
"3196",9.6,2030-04-30
"3197",12.4,2030-05-01
"3198",9.6,2030-05-02
"3199",9.3,2030-05-03
"3200",9.1,2030-05-04
"3201",12.8,2030-05-05
"3202",20.4,2030-05-06
"3203",14.9,2030-05-07
"3204",11.6,2030-05-08
"3205",11.9,2030-05-09
"3206",11.1,2030-05-10
"3207",10.4,2030-05-11
"3208",10.1,2030-05-12
"3209",10.9,2030-05-13
"3210",10.9,2030-05-14
"3211",11.4,2030-05-15
"3212",10.3,2030-05-16
"3213",12.1,2030-05-17
"3214",10.9,2030-05-18
"3215",12.8,2030-05-19
"3216",12.4,2030-05-20
"3217",12.4,2030-05-21
"3218",11.9,2030-05-22
"3219",12.8,2030-05-23
"3220",12,2030-05-24
"3221",14.2,2030-05-25
"3222",15.4,2030-05-26
"3223",15.6,2030-05-27
"3224",16.6,2030-05-28
"3225",16.9,2030-05-29
"3226",19.4,2030-05-30
"3227",20.4,2030-05-31
"3228",20.2,2030-06-01
"3229",16.7,2030-06-02
"3230",16.1,2030-06-03
"3231",16.6,2030-06-04
"3232",17.8,2030-06-05
"3233",18.3,2030-06-06
"3234",19.6,2030-06-07
"3235",20.7,2030-06-08
"3236",21.7,2030-06-09
"3237",20.4,2030-06-10
"3238",20.7,2030-06-11
"3239",22.6,2030-06-12
"3240",24.4,2030-06-13
"3241",25.6,2030-06-14
"3242",24.9,2030-06-15
"3243",25.7,2030-06-16
"3244",22.2,2030-06-17
"3245",19.4,2030-06-18
"3246",17.9,2030-06-19
"3247",18.7,2030-06-20
"3248",16.9,2030-06-21
"3249",17.8,2030-06-22
"3250",19.1,2030-06-23
"3251",21.2,2030-06-24
"3252",20.3,2030-06-25
"3253",17.7,2030-06-26
"3254",15.1,2030-06-27
"3255",16.9,2030-06-28
"3256",18.6,2030-06-29
"3257",18.3,2030-06-30
"3258",17.7,2030-07-01
"3259",19.1,2030-07-02
"3260",17.4,2030-07-03
"3261",18.2,2030-07-04
"3262",17.3,2030-07-05
"3263",18.9,2030-07-06
"3264",18.7,2030-07-07
"3265",18.4,2030-07-08
"3266",19.4,2030-07-09
"3267",14.9,2030-07-10
"3268",16,2030-07-11
"3269",16.6,2030-07-12
"3270",17.7,2030-07-13
"3271",19.4,2030-07-14
"3272",21,2030-07-15
"3273",21.3,2030-07-16
"3274",19.9,2030-07-17
"3275",20.4,2030-07-18
"3276",20.9,2030-07-19
"3277",22.2,2030-07-20
"3278",20.7,2030-07-21
"3279",18.7,2030-07-22
"3280",19,2030-07-23
"3281",19.9,2030-07-24
"3282",19.5,2030-07-25
"3283",20.4,2030-07-26
"3284",19.4,2030-07-27
"3285",18.8,2030-07-28
"3286",26.7,2030-07-29
"3287",19.7,2030-07-30
"3288",16.8,2030-07-31
"3289",15.2,2030-08-01
"3290",18.7,2030-08-02
"3291",20.8,2030-08-03
"3292",23.8,2030-08-04
"3293",25.2,2030-08-05
"3294",25.8,2030-08-06
"3295",25.8,2030-08-07
"3296",26.2,2030-08-08
"3297",26,2030-08-09
"3298",24.8,2030-08-10
"3299",20.8,2030-08-11
"3300",22.6,2030-08-12
"3301",22.9,2030-08-13
"3302",20.1,2030-08-14
"3303",19.3,2030-08-15
"3304",21.1,2030-08-16
"3305",26.3,2030-08-17
"3306",26.6,2030-08-18
"3307",21.6,2030-08-19
"3308",19.9,2030-08-20
"3309",18.9,2030-08-21
"3310",19.9,2030-08-22
"3311",22.9,2030-08-23
"3312",19.2,2030-08-24
"3313",16.8,2030-08-25
"3314",14.5,2030-08-26
"3315",13.3,2030-08-27
"3316",14.6,2030-08-28
"3317",15.2,2030-08-29
"3318",15.9,2030-08-30
"3319",16.8,2030-08-31
"3320",20.4,2030-09-01
"3321",20.8,2030-09-02
"3322",16.2,2030-09-03
"3323",15.9,2030-09-04
"3324",16.4,2030-09-05
"3325",18.6,2030-09-06
"3326",18.8,2030-09-07
"3327",18.8,2030-09-08
"3328",20.1,2030-09-09
"3329",19.6,2030-09-10
"3330",21.3,2030-09-11
"3331",22.6,2030-09-12
"3332",21.6,2030-09-13
"3333",19.4,2030-09-14
"3334",19.3,2030-09-15
"3335",18.5,2030-09-16
"3336",18.4,2030-09-17
"3337",18,2030-09-18
"3338",18.5,2030-09-19
"3339",17.7,2030-09-20
"3340",17.3,2030-09-21
"3341",10.8,2030-09-22
"3342",8.7,2030-09-23
"3343",10,2030-09-24
"3344",10.5,2030-09-25
"3345",11.6,2030-09-26
"3346",12.8,2030-09-27
"3347",12.4,2030-09-28
"3348",12.3,2030-09-29
"3349",10.7,2030-09-30
"3350",13.6,2030-10-01
"3351",10.8,2030-10-02
"3352",13.1,2030-10-03
"3353",12,2030-10-04
"3354",13.7,2030-10-05
"3355",14.2,2030-10-06
"3356",10.7,2030-10-07
"3357",7.1,2030-10-08
"3358",6.7,2030-10-09
"3359",7.4,2030-10-10
"3360",7.4,2030-10-11
"3361",7.2,2030-10-12
"3362",9,2030-10-13
"3363",8.1,2030-10-14
"3364",8.3,2030-10-15
"3365",8.3,2030-10-16
"3366",10.3,2030-10-17
"3367",12.8,2030-10-18
"3368",13.5,2030-10-19
"3369",13.2,2030-10-20
"3370",12.4,2030-10-21
"3371",11.8,2030-10-22
"3372",7.9,2030-10-23
"3373",8.2,2030-10-24
"3374",11.6,2030-10-25
"3375",12.5,2030-10-26
"3376",12.7,2030-10-27
"3377",9.3,2030-10-28
"3378",10.7,2030-10-29
"3379",15.8,2030-10-30
"3380",11.2,2030-10-31
"3381",7.8,2030-11-01
"3382",7.7,2030-11-02
"3383",7.7,2030-11-03
"3384",8.6,2030-11-04
"3385",8.6,2030-11-05
"3386",9.8,2030-11-06
"3387",8.5,2030-11-07
"3388",8.1,2030-11-08
"3389",9.4,2030-11-09
"3390",9.9,2030-11-10
"3391",10,2030-11-11
"3392",12.3,2030-11-12
"3393",10.5,2030-11-13
"3394",7.8,2030-11-14
"3395",5.1,2030-11-15
"3396",7.3,2030-11-16
"3397",5.1,2030-11-17
"3398",1.5,2030-11-18
"3399",1.7,2030-11-19
"3400",3.4,2030-11-20
"3401",3.6,2030-11-21
"3402",3.2,2030-11-22
"3403",2.7,2030-11-23
"3404",2.2,2030-11-24
"3405",1.6,2030-11-25
"3406",1.8,2030-11-26
"3407",0.4,2030-11-27
"3408",1.1,2030-11-28
"3409",1.8,2030-11-29
"3410",2.2,2030-11-30
"3411",3.1,2030-12-01
"3412",2.5,2030-12-02
"3413",2.9,2030-12-03
"3414",2.9,2030-12-04
"3415",2.4,2030-12-05
"3416",1.3,2030-12-06
"3417",0.7,2030-12-07
"3418",1.2,2030-12-08
"3419",4.9,2030-12-09
"3420",6,2030-12-10
"3421",4.7,2030-12-11
"3422",5.4,2030-12-12
"3423",6.8,2030-12-13
"3424",6.3,2030-12-14
"3425",6.4,2030-12-15
"3426",4.3,2030-12-16
"3427",5.4,2030-12-17
"3428",6.3,2030-12-18
"3429",12.9,2030-12-19
"3430",10.7,2030-12-20
"3431",7.9,2030-12-21
"3432",2.2,2030-12-22
"3433",0.1,2030-12-23
"3434",1.5,2030-12-24
"3435",4.7,2030-12-25
"3436",4.5,2030-12-26
"3437",2.6,2030-12-27
"3438",1.8,2030-12-28
"3439",2.2,2030-12-29
"3440",1.4,2030-12-30
"3441",0.2,2030-12-31
"3442",0.7,2031-01-01
"3443",0.2,2031-01-02
"3444",0.2,2031-01-03
"3445",1.3,2031-01-04
"3446",0,2031-01-05
"3447",-2,2031-01-06
"3448",-1.4,2031-01-07
"3449",-2.7,2031-01-08
"3450",2.1,2031-01-09
"3451",4.5,2031-01-10
"3452",2.2,2031-01-11
"3453",-0.8,2031-01-12
"3454",-3.3,2031-01-13
"3455",0.6,2031-01-14
"3456",1.7,2031-01-15
"3457",0.4,2031-01-16
"3458",2.8,2031-01-17
"3459",8.32150331678458,2031-01-18
"3460",8.3,2031-01-19
"3461",3.4,2031-01-20
"3462",1.7,2031-01-21
"3463",1.4,2031-01-22
"3464",1.7,2031-01-23
"3465",0.1,2031-01-24
"3466",7.8,2031-01-25
"3467",9.6,2031-01-26
"3468",7,2031-01-27
"3469",5.1,2031-01-28
"3470",7.6,2031-01-29
"3471",10.6,2031-01-30
"3472",10.7,2031-01-31
"3473",7.8,2031-02-01
"3474",8.6,2031-02-02
"3475",7.3,2031-02-03
"3476",5.9,2031-02-04
"3477",1.3,2031-02-05
"3478",0,2031-02-06
"3479",-4.6,2031-02-07
"3480",-5.14782227876012,2031-02-08
"3481",-7.18180175652371,2031-02-09
"3482",-3.9,2031-02-10
"3483",-4.4,2031-02-11
"3484",-0.1,2031-02-12
"3485",5.5,2031-02-13
"3486",7.9,2031-02-14
"3487",6.4,2031-02-15
"3488",8.8,2031-02-16
"3489",12.1,2031-02-17
"3490",9.3,2031-02-18
"3491",9.7,2031-02-19
"3492",10.8,2031-02-20
"3493",11.9,2031-02-21
"3494",11.3,2031-02-22
"3495",9.3,2031-02-23
"3496",6.9,2031-02-24
"3497",3.8,2031-02-25
"3498",5.7,2031-02-26
"3499",8.5,2031-02-27
"3500",8.1,2031-02-28
"3501",8.7,2031-03-01
"3502",5,2031-03-02
"3503",3.8,2031-03-03
"3504",5.6,2031-03-04
"3505",3.5,2031-03-05
"3506",3.2,2031-03-06
"3507",5.7,2031-03-07
"3508",11,2031-03-08
"3509",8.9,2031-03-09
"3510",8,2031-03-10
"3511",4,2031-03-11
"3512",5.1,2031-03-12
"3513",4.2,2031-03-13
"3514",3.2,2031-03-14
"3515",2.1,2031-03-15
"3516",1.8,2031-03-16
"3517",1.4,2031-03-17
"3518",2.4,2031-03-18
"3519",3.6,2031-03-19
"3520",5.7,2031-03-20
"3521",7.9,2031-03-21
"3522",10.1,2031-03-22
"3523",10.9,2031-03-23
"3524",8.6,2031-03-24
"3525",9.2,2031-03-25
"3526",12.1,2031-03-26
"3527",13.9,2031-03-27
"3528",15.7,2031-03-28
"3529",16.8,2031-03-29
"3530",11.7,2031-03-30
"3531",6.5,2031-03-31
"3532",7.2,2031-04-01
"3533",7,2031-04-02
"3534",1.6,2031-04-03
"3535",2.2,2031-04-04
"3536",5.7,2031-04-05
"3537",9.7,2031-04-06
"3538",12.6,2031-04-07
"3539",12.1,2031-04-08
"3540",4,2031-04-09
"3541",3.4,2031-04-10
"3542",4.1,2031-04-11
"3543",3.8,2031-04-12
"3544",4.4,2031-04-13
"3545",5.7,2031-04-14
"3546",7.1,2031-04-15
"3547",7.4,2031-04-16
"3548",10.2,2031-04-17
"3549",11.6,2031-04-18
"3550",11,2031-04-19
"3551",10.3,2031-04-20
"3552",12.6,2031-04-21
"3553",12.1,2031-04-22
"3554",11.6,2031-04-23
"3555",11.1,2031-04-24
"3556",13.3,2031-04-25
"3557",12.3,2031-04-26
"3558",6.9,2031-04-27
"3559",6.9,2031-04-28
"3560",8.1,2031-04-29
"3561",9.6,2031-04-30
"3562",12.4,2031-05-01
"3563",9.6,2031-05-02
"3564",9.3,2031-05-03
"3565",9.1,2031-05-04
"3566",12.8,2031-05-05
"3567",20.4,2031-05-06
"3568",14.9,2031-05-07
"3569",11.6,2031-05-08
"3570",11.9,2031-05-09
"3571",11.1,2031-05-10
"3572",10.4,2031-05-11
"3573",10.1,2031-05-12
"3574",10.9,2031-05-13
"3575",10.9,2031-05-14
"3576",11.4,2031-05-15
"3577",10.3,2031-05-16
"3578",12.1,2031-05-17
"3579",10.9,2031-05-18
"3580",12.8,2031-05-19
"3581",12.4,2031-05-20
"3582",12.4,2031-05-21
"3583",11.9,2031-05-22
"3584",12.8,2031-05-23
"3585",12,2031-05-24
"3586",14.2,2031-05-25
"3587",15.4,2031-05-26
"3588",15.6,2031-05-27
"3589",16.6,2031-05-28
"3590",16.9,2031-05-29
"3591",19.4,2031-05-30
"3592",20.4,2031-05-31
"3593",20.2,2031-06-01
"3594",16.7,2031-06-02
"3595",16.1,2031-06-03
"3596",16.6,2031-06-04
"3597",17.8,2031-06-05
"3598",18.3,2031-06-06
"3599",19.6,2031-06-07
"3600",20.7,2031-06-08
"3601",21.7,2031-06-09
"3602",20.4,2031-06-10
"3603",20.7,2031-06-11
"3604",22.6,2031-06-12
"3605",24.4,2031-06-13
"3606",25.6,2031-06-14
"3607",24.9,2031-06-15
"3608",25.7,2031-06-16
"3609",22.2,2031-06-17
"3610",19.4,2031-06-18
"3611",17.9,2031-06-19
"3612",18.7,2031-06-20
"3613",16.9,2031-06-21
"3614",17.8,2031-06-22
"3615",19.1,2031-06-23
"3616",21.2,2031-06-24
"3617",20.3,2031-06-25
"3618",17.7,2031-06-26
"3619",15.1,2031-06-27
"3620",16.9,2031-06-28
"3621",18.6,2031-06-29
"3622",18.3,2031-06-30
"3623",17.7,2031-07-01
"3624",19.1,2031-07-02
"3625",17.4,2031-07-03
"3626",18.2,2031-07-04
"3627",17.3,2031-07-05
"3628",18.9,2031-07-06
"3629",18.7,2031-07-07
"3630",18.4,2031-07-08
"3631",19.4,2031-07-09
"3632",14.9,2031-07-10
"3633",16,2031-07-11
"3634",16.6,2031-07-12
"3635",17.7,2031-07-13
"3636",19.4,2031-07-14
"3637",21,2031-07-15
"3638",21.3,2031-07-16
"3639",19.9,2031-07-17
"3640",20.4,2031-07-18
"3641",20.9,2031-07-19
"3642",22.2,2031-07-20
"3643",20.7,2031-07-21
"3644",18.7,2031-07-22
"3645",19,2031-07-23
"3646",19.9,2031-07-24
"3647",19.5,2031-07-25
"3648",20.4,2031-07-26
"3649",19.4,2031-07-27
"3650",18.8,2031-07-28
"3651",26.7,2031-07-29
"3652",19.7,2031-07-30
"3653",16.8,2031-07-31
"3654",15.2,2031-08-01
"3655",18.7,2031-08-02
"3656",20.8,2031-08-03
"3657",23.8,2031-08-04
"3658",25.2,2031-08-05
"3659",25.8,2031-08-06
"3660",25.8,2031-08-07
"3661",26.2,2031-08-08
"3662",26,2031-08-09
"3663",24.8,2031-08-10
"3664",20.8,2031-08-11
"3665",22.6,2031-08-12
"3666",22.9,2031-08-13
"3667",20.1,2031-08-14
"3668",19.3,2031-08-15
"3669",21.1,2031-08-16
"3670",26.3,2031-08-17
"3671",26.6,2031-08-18
"3672",21.6,2031-08-19
"3673",19.9,2031-08-20
"3674",18.9,2031-08-21
"3675",19.9,2031-08-22
"3676",22.9,2031-08-23
"3677",19.2,2031-08-24
"3678",16.8,2031-08-25
"3679",14.5,2031-08-26
"3680",13.3,2031-08-27
"3681",14.6,2031-08-28
"3682",15.2,2031-08-29
"3683",15.9,2031-08-30
"3684",16.8,2031-08-31
"3685",20.4,2031-09-01
"3686",20.8,2031-09-02
"3687",16.2,2031-09-03
"3688",15.9,2031-09-04
"3689",16.4,2031-09-05
"3690",18.6,2031-09-06
"3691",18.8,2031-09-07
"3692",18.8,2031-09-08
"3693",20.1,2031-09-09
"3694",19.6,2031-09-10
"3695",21.3,2031-09-11
"3696",22.6,2031-09-12
"3697",21.6,2031-09-13
"3698",19.4,2031-09-14
"3699",19.3,2031-09-15
"3700",18.5,2031-09-16
"3701",18.4,2031-09-17
"3702",18,2031-09-18
"3703",18.5,2031-09-19
"3704",17.7,2031-09-20
"3705",17.3,2031-09-21
"3706",10.8,2031-09-22
"3707",8.7,2031-09-23
"3708",10,2031-09-24
"3709",10.5,2031-09-25
"3710",11.6,2031-09-26
"3711",12.8,2031-09-27
"3712",12.4,2031-09-28
"3713",12.3,2031-09-29
"3714",10.7,2031-09-30
"3715",13.6,2031-10-01
"3716",10.8,2031-10-02
"3717",13.1,2031-10-03
"3718",12,2031-10-04
"3719",13.7,2031-10-05
"3720",14.2,2031-10-06
"3721",10.7,2031-10-07
"3722",7.1,2031-10-08
"3723",6.7,2031-10-09
"3724",7.4,2031-10-10
"3725",7.4,2031-10-11
"3726",7.2,2031-10-12
"3727",9,2031-10-13
"3728",8.1,2031-10-14
"3729",8.3,2031-10-15
"3730",8.3,2031-10-16
"3731",10.3,2031-10-17
"3732",12.8,2031-10-18
"3733",13.5,2031-10-19
"3734",13.2,2031-10-20
"3735",12.4,2031-10-21
"3736",11.8,2031-10-22
"3737",7.9,2031-10-23
"3738",8.2,2031-10-24
"3739",11.6,2031-10-25
"3740",12.5,2031-10-27
